ci_high,ci_low,contrast_type,layer,mean,metric,n
0.030333291063368593,-0.006927835233285364,content,0,0.007196884052286038,normalized_recovery,32
0.042009562512525224,-0.006281551256259469,content,1,0.012181624631415956,normalized_recovery,32
0.021836498813330843,-0.00385804625220668,content,2,0.006136663746204831,normalized_recovery,32
0.018337655471676494,-0.008545702175968613,content,3,0.002528371763116104,normalized_recovery,32
0.02004766192573411,-0.0076623385303258035,content,4,0.003747640262579082,normalized_recovery,32
0.022497254900941264,-0.0032944378751948644,content,5,0.0069210420768318175,normalized_recovery,32
0.02342287006796579,-0.0017683476856970696,content,6,0.008063843101650004,normalized_recovery,32
0.02123376416879335,-0.0038294477057668947,content,7,0.005973108034671039,normalized_recovery,32
0.03209343822566274,-0.004206217737526517,content,8,0.009429464196434093,normalized_recovery,32
0.019692149900282424,-0.007051480860952867,content,9,0.003777953366743024,normalized_recovery,32
0.031067117712063774,-0.0060193306401702075,content,10,0.008230935595131736,normalized_recovery,32
0.02219195754441499,-0.0025916055285190717,content,11,0.006906051136083575,normalized_recovery,32
0.04292317729271514,-0.0032210345041575627,content,12,0.013678689932022899,normalized_recovery,32
0.02989742915825993,-0.007159675457929817,content,13,0.0070322650170725415,normalized_recovery,32
0.05172864735721864,-0.0043495609106025636,content,14,0.015767850529227277,normalized_recovery,32
0.012062326556633361,-0.003606578457035786,content,15,0.003258571620409115,normalized_recovery,32
0.03257815211368239,-0.004585200119094133,content,16,0.009714099945000498,normalized_recovery,32
0.03303948663764282,-0.0036094466599577153,content,17,0.010447299251469545,normalized_recovery,32
0.03456252232055457,-0.0025724560890510676,content,18,0.011755410057478856,normalized_recovery,32
0.02492486187471243,-0.0036789424025549973,content,19,0.009013215843432117,normalized_recovery,32
0.023020992854527633,-0.0017865051009636978,content,20,0.01032743627157786,normalized_recovery,32
0.036953987799725044,0.00038900370754405217,content,21,0.018663966101886496,normalized_recovery,32
0.056430368360699645,-0.05040433722531611,content,22,0.011508907388781547,normalized_recovery,32
0.18370189719460422,0.05019490515828611,content,23,0.11329263667990702,normalized_recovery,32
0.2997382193410502,-0.17499568861881934,content,24,0.11242043382577184,normalized_recovery,32
0.3084992862244026,-0.09613933742840763,content,25,0.13952972999435245,normalized_recovery,32
0.35433339855723456,-0.05122860911113946,content,26,0.18672447115372667,normalized_recovery,32
0.46921369771820615,0.2617803711053841,content,27,0.3643709350545985,normalized_recovery,32
0.43450410055179683,0.24580783738046189,content,28,0.3374808835081148,normalized_recovery,32
0.4484669267802362,0.24143647461297715,content,29,0.34499018474152804,normalized_recovery,32
0.5494261190556121,0.3731035906119683,content,30,0.45956085698418564,normalized_recovery,32
0.6582695363836518,0.4497819826356119,content,31,0.5500842563388043,normalized_recovery,32
0.6587363275681195,0.48220403475631807,content,32,0.5707927560121444,normalized_recovery,32
0.724107764163302,0.5365643842671098,content,33,0.6325079694386465,normalized_recovery,32
0.9685369966029567,0.8747206568110196,content,34,0.9221890055691766,normalized_recovery,32
1.0,1.0,content,35,1.0,normalized_recovery,32
0.00224915788205759,-0.0027262292172291693,content_and_position,0,-0.000508763849912999,normalized_recovery,32
0.0013965055203185863,-0.00306368020008499,content_and_position,1,-0.0010224294790457961,normalized_recovery,32
0.003547858795451137,-0.0015211775937878885,content_and_position,2,0.0009715046694636901,normalized_recovery,32
0.0041460542116380245,-0.0010654389118133778,content_and_position,3,0.0014902407344144655,normalized_recovery,32
0.0037261327172838543,-0.00197823668178405,content_and_position,4,0.0008128991743277546,normalized_recovery,32
0.0018715593267899172,-0.0033015766235052284,content_and_position,5,-0.0008230837606064543,normalized_recovery,32
0.003464401111257897,-0.0020704365765665976,content_and_position,6,0.0005748716841965678,normalized_recovery,32
0.003929268782327276,-0.002258146565186579,content_and_position,7,0.0007869260874403285,normalized_recovery,32
0.0024382006822376433,-0.0025079858338135606,content_and_position,8,3.41111638941009e-05,normalized_recovery,32
0.0019781727366388795,-0.002747516029451363,content_and_position,9,-0.0006529140481067412,normalized_recovery,32
0.003032454742338015,-0.0030961151174347,content_and_position,10,-6.776529158757333e-05,normalized_recovery,32
0.00321681997214635,-0.0026251674642414026,content_and_position,11,0.00023412898763225406,normalized_recovery,32
0.003295800805934818,-0.002296823555093529,content_and_position,12,0.00043530850560502814,normalized_recovery,32
0.0030290568181032063,-0.003210502076941486,content_and_position,13,-0.0001732313687180087,normalized_recovery,32
0.0018563140738481788,-0.0028270310574953867,content_and_position,14,-0.0005924713613264501,normalized_recovery,32
0.0022404160369055128,-0.0028731720090963966,content_and_position,15,-0.0004509148480623817,normalized_recovery,32
0.0035031110629454125,-0.0030277725756950873,content_and_position,16,6.42284459690029e-05,normalized_recovery,32
0.0018938534477328018,-0.003385053733360746,content_and_position,17,-0.0008170391588782292,normalized_recovery,32
0.0016746191223718147,-0.003239876340569372,content_and_position,18,-0.0008815486187075849,normalized_recovery,32
0.0018458199948114921,-0.003311965712517782,content_and_position,19,-0.0007989451435164632,normalized_recovery,32
0.0010754773677812066,-0.006672736910779324,content_and_position,20,-0.0029134275927468127,normalized_recovery,32
0.008886402742413847,-0.0032980935031985885,content_and_position,21,0.002616979445767297,normalized_recovery,32
0.010394041227423703,-0.011350459937890103,content_and_position,22,-0.0009856336752038755,normalized_recovery,32
0.019018789913722762,-0.014224902160028013,content_and_position,23,0.0014891413401719902,normalized_recovery,32
0.40901205096225657,0.32691984922942885,content_and_position,24,0.3671514555257787,normalized_recovery,32
0.4196635762125023,0.3369350143079449,content_and_position,25,0.37734326974319904,normalized_recovery,32
0.4543378869543181,0.37091036711025877,content_and_position,26,0.4117893061977528,normalized_recovery,32
0.4913293626440245,0.40507701165741244,content_and_position,27,0.4465885216832053,normalized_recovery,32
0.5153050418432904,0.42478991654233733,content_and_position,28,0.46915607262373415,normalized_recovery,32
0.5951528201420201,0.5078442882928424,content_and_position,29,0.5511474752495783,normalized_recovery,32
0.7115223632231126,0.6006431364759757,content_and_position,30,0.6584612487245689,normalized_recovery,32
0.7140757624283702,0.6036069890478607,content_and_position,31,0.6617281341039258,normalized_recovery,32
0.724365436052899,0.6115847803780956,content_and_position,32,0.670622051538616,normalized_recovery,32
0.7279752960995344,0.6151431349349041,content_and_position,33,0.6747799690365457,normalized_recovery,32
0.7511451250030627,0.6390402453417985,content_and_position,34,0.6972580425586624,normalized_recovery,32
1.0,1.0,content_and_position,35,1.0,normalized_recovery,32
0.0025994027782528634,-0.008831208077450563,position,0,-0.002216674161179452,normalized_recovery,32
0.0033786801196765913,-0.00442525015966316,position,1,-0.0003935158951171351,normalized_recovery,32
0.001643025913895408,-0.005803195717082357,position,2,-0.0019051293254915215,normalized_recovery,32
0.002282879268425393,-0.008604322173732918,position,3,-0.0020562572330050303,normalized_recovery,32
0.003801641067720235,-0.0031385042116782213,position,4,0.0005650230527522806,normalized_recovery,32
0.0031541662794516336,-0.008663908149059827,position,5,-0.0019051196000331398,normalized_recovery,32
0.0038542014172352652,-0.003935756656853265,position,6,0.00010082173469024789,normalized_recovery,32
0.0034947604588698054,-0.008474333810854084,position,7,-0.0016435492066417942,normalized_recovery,32
0.003274457751387713,-0.008267540295386214,position,8,-0.0016732941662149778,normalized_recovery,32
0.001963942443655983,-0.009078961111556613,position,9,-0.0024975890125930296,normalized_recovery,32
0.002541821241212614,-0.004728259112861391,position,10,-0.0009411679370030121,normalized_recovery,32
0.002040276718716012,-0.00927099698869975,position,11,-0.0027423680583437806,normalized_recovery,32
0.0032429821922186687,-0.0038983694964588316,position,12,-0.00022731202022281262,normalized_recovery,32
0.0020124564373349813,-0.00913542174062839,position,13,-0.0026850304555552577,normalized_recovery,32
0.0018014348655530472,-0.009322726597899324,position,14,-0.0028442224054480944,normalized_recovery,32
0.0028005763428700955,-0.004042590903248168,position,15,-0.0003383839140111577,normalized_recovery,32
0.0023283689672890595,-0.004903166321855653,position,16,-0.0011713901477242133,normalized_recovery,32
0.002946538231893912,-0.003875542686905574,position,17,-0.00033841993928345675,normalized_recovery,32
0.0019839996882598564,-0.0054622297293926945,position,18,-0.0016195317385062536,normalized_recovery,32
0.003392218059889469,-0.008417344673002189,position,19,-0.0016920682107737675,normalized_recovery,32
0.004072258713459568,-0.004337792884235779,position,20,-1.5614215829624006e-05,normalized_recovery,32
0.005894026617192696,-0.004390926930250684,position,21,0.0007843388375670459,normalized_recovery,32
0.005292159693527039,-0.004548843258099788,position,22,0.00026769884295439495,normalized_recovery,32
0.005777351936427676,-0.004276315920624801,position,23,0.0006939589442757064,normalized_recovery,32
0.38454643675496997,0.3106225707903477,position,24,0.3467169955061702,normalized_recovery,32
0.38237139149004196,0.3114978839094867,position,25,0.346015272801802,normalized_recovery,32
0.42464060823201455,0.34822167716238706,position,26,0.384845217897455,normalized_recovery,32
0.46071506138144225,0.3799183234948504,position,27,0.41924773019995065,normalized_recovery,32
0.48852336125822265,0.39924980593006837,position,28,0.4430056192274185,normalized_recovery,32
0.5711332523128158,0.48161120211093716,position,29,0.5252586541146467,normalized_recovery,32
0.7031796979047531,0.5887587538013014,position,30,0.6477281281004209,normalized_recovery,32
0.7031059075320003,0.5896104295636887,position,31,0.648683565423581,normalized_recovery,32
0.7130991114140334,0.5976130075202012,position,32,0.6574177282260255,normalized_recovery,32
0.7181877221356163,0.599764077268381,position,33,0.6616478121772885,normalized_recovery,32
0.7494930172355913,0.6262501965077598,position,34,0.6905778716203474,normalized_recovery,32
1.0,1.0,position,35,1.0,normalized_recovery,32
0.0043225549596225266,-0.0016627956718821089,random_pair,0,0.0015035209873132342,normalized_recovery,32
0.0037128763788726754,-0.002295022277116675,random_pair,1,0.0009100103891444373,normalized_recovery,32
0.0045324368312377235,-0.0013079954046228135,random_pair,2,0.0016976490255361902,normalized_recovery,32
0.004340365519894916,-0.004329976770857586,random_pair,3,0.0006830607862330449,normalized_recovery,32
0.0037178027636142067,-0.003510943697261815,random_pair,4,0.00041047095945284445,normalized_recovery,32
0.0031289581525497097,-0.0028990616519887803,random_pair,5,0.0002834161361317485,normalized_recovery,32
0.004093931943040224,-0.0018385070436006223,random_pair,6,0.001310481340303453,normalized_recovery,32
0.00394515963395918,-0.0024835700290029464,random_pair,7,0.0008319614259034804,normalized_recovery,32
0.0035381352021159438,-0.0028020350760307967,random_pair,8,0.0004556946541779127,normalized_recovery,32
0.003650064080457477,-0.0015447555087277386,random_pair,9,0.0010918250477082079,normalized_recovery,32
0.003943389675517536,-0.0021254759603117354,random_pair,10,0.0009903622115935036,normalized_recovery,32
0.00444977411625632,-0.0031152762709591134,random_pair,11,0.0009877636558797878,normalized_recovery,32
0.006238291893213368,-0.0021060705946617563,random_pair,12,0.0023742957854782434,normalized_recovery,32
0.003930793610055936,-0.00426933247983426,random_pair,13,2.3902557645318068e-05,normalized_recovery,32
0.00501338581029087,-0.00208175042618908,random_pair,14,0.0014596929308394104,normalized_recovery,32
0.00444814758702135,-0.0028157816616436017,random_pair,15,0.0009545078417216069,normalized_recovery,32
0.005071222618841441,-0.004598039802179496,random_pair,16,0.0004382104040391319,normalized_recovery,32
0.0065800401130243465,-0.0015095441372712606,random_pair,17,0.002554247894219628,normalized_recovery,32
0.014851025108835904,0.001124822736127348,random_pair,18,0.008129947686662814,normalized_recovery,32
0.017972358981372095,-0.005990488464306779,random_pair,19,0.006601295020180499,normalized_recovery,32
0.03812876151738231,-0.006016036358147878,random_pair,20,0.016240625996714816,normalized_recovery,32
0.06406118469984971,0.013709042926843306,random_pair,21,0.03825038482834013,normalized_recovery,32
0.08440956080442469,0.0169485636148675,random_pair,22,0.04983697769518726,normalized_recovery,32
0.11491436762310125,0.03338493092358695,random_pair,23,0.07315648362052271,normalized_recovery,32
0.45739205604158323,0.37901880177372954,random_pair,24,0.42044362210994424,normalized_recovery,32
0.5072555915451845,0.41661669873118023,random_pair,25,0.46357219547614054,normalized_recovery,32
0.5386524183762877,0.4434748202208681,random_pair,26,0.49261462437526654,normalized_recovery,32
0.5755354131260059,0.4797173384202268,random_pair,27,0.5289307296457437,normalized_recovery,32
0.6014064302985931,0.507412678253868,random_pair,28,0.5556048660127775,normalized_recovery,32
0.654287929502825,0.565882859860287,random_pair,29,0.6117251074377974,normalized_recovery,32
0.7733765902882419,0.6703365463492831,random_pair,30,0.7239436336643266,normalized_recovery,32
0.7761037598880008,0.6725274350069166,random_pair,31,0.726739886191359,normalized_recovery,32
0.7813405931882912,0.6756578904447619,random_pair,32,0.7308985672137716,normalized_recovery,32
0.782838188713119,0.679021136615071,random_pair,33,0.7337478557331231,normalized_recovery,32
0.7977777373540729,0.6959494669106565,random_pair,34,0.7497608952690863,normalized_recovery,32
1.0,1.0,random_pair,35,1.0,normalized_recovery,32
0.0,0.0,position,0,0.0,flip_to_donor,32
0.0,0.0,position,1,0.0,flip_to_donor,32
0.0,0.0,position,2,0.0,flip_to_donor,32
0.0,0.0,position,3,0.0,flip_to_donor,32
0.0,0.0,position,4,0.0,flip_to_donor,32
0.0,0.0,position,5,0.0,flip_to_donor,32
0.0,0.0,position,6,0.0,flip_to_donor,32
0.0,0.0,position,7,0.0,flip_to_donor,32
0.0,0.0,position,8,0.0,flip_to_donor,32
0.0,0.0,position,9,0.0,flip_to_donor,32
0.0,0.0,position,10,0.0,flip_to_donor,32
0.0,0.0,position,11,0.0,flip_to_donor,32
0.0,0.0,position,12,0.0,flip_to_donor,32
0.0,0.0,position,13,0.0,flip_to_donor,32
0.0,0.0,position,14,0.0,flip_to_donor,32
0.0,0.0,position,15,0.0,flip_to_donor,32
0.0,0.0,position,16,0.0,flip_to_donor,32
0.0,0.0,position,17,0.0,flip_to_donor,32
0.0,0.0,position,18,0.0,flip_to_donor,32
0.0,0.0,position,19,0.0,flip_to_donor,32
0.0,0.0,position,20,0.0,flip_to_donor,32
0.0,0.0,position,21,0.0,flip_to_donor,32
0.0,0.0,position,22,0.0,flip_to_donor,32
0.0,0.0,position,23,0.0,flip_to_donor,32
0.40625,0.125,position,24,0.25,flip_to_donor,32
0.40625,0.125,position,25,0.25,flip_to_donor,32
0.5,0.1875,position,26,0.34375,flip_to_donor,32
0.625,0.28125,position,27,0.4375,flip_to_donor,32
0.71875,0.375,position,28,0.53125,flip_to_donor,32
0.78125,0.40625,position,29,0.59375,flip_to_donor,32
0.9375,0.65625,position,30,0.8125,flip_to_donor,32
0.9375,0.65625,position,31,0.8125,flip_to_donor,32
0.9375,0.65625,position,32,0.8125,flip_to_donor,32
0.9375,0.65625,position,33,0.8125,flip_to_donor,32
0.96875,0.71875,position,34,0.84375,flip_to_donor,32
1.0,1.0,position,35,1.0,flip_to_donor,32
0.0,0.0,random_pair,0,0.0,flip_to_donor,32
0.0,0.0,random_pair,1,0.0,flip_to_donor,32
0.0,0.0,random_pair,2,0.0,flip_to_donor,32
0.0,0.0,random_pair,3,0.0,flip_to_donor,32
0.0,0.0,random_pair,4,0.0,flip_to_donor,32
0.0,0.0,random_pair,5,0.0,flip_to_donor,32
0.0,0.0,random_pair,6,0.0,flip_to_donor,32
0.0,0.0,random_pair,7,0.0,flip_to_donor,32
0.0,0.0,random_pair,8,0.0,flip_to_donor,32
0.0,0.0,random_pair,9,0.0,flip_to_donor,32
0.0,0.0,random_pair,10,0.0,flip_to_donor,32
0.0,0.0,random_pair,11,0.0,flip_to_donor,32
0.0,0.0,random_pair,12,0.0,flip_to_donor,32
0.0,0.0,random_pair,13,0.0,flip_to_donor,32
0.0,0.0,random_pair,14,0.0,flip_to_donor,32
0.0,0.0,random_pair,15,0.0,flip_to_donor,32
0.0,0.0,random_pair,16,0.0,flip_to_donor,32
0.0,0.0,random_pair,17,0.0,flip_to_donor,32
0.0,0.0,random_pair,18,0.0,flip_to_donor,32
0.0,0.0,random_pair,19,0.0,flip_to_donor,32
0.0,0.0,random_pair,20,0.0,flip_to_donor,32
0.0,0.0,random_pair,21,0.0,flip_to_donor,32
0.0,0.0,random_pair,22,0.0,flip_to_donor,32
0.0,0.0,random_pair,23,0.0,flip_to_donor,32
0.40625,0.09375,random_pair,24,0.25,flip_to_donor,32
0.53125,0.1875,random_pair,25,0.34375,flip_to_donor,32
0.59375,0.25,random_pair,26,0.4375,flip_to_donor,32
0.65625,0.28125,random_pair,27,0.46875,flip_to_donor,32
0.71875,0.34375,random_pair,28,0.53125,flip_to_donor,32
0.8125,0.5,random_pair,29,0.65625,flip_to_donor,32
0.90625,0.59375,random_pair,30,0.75,flip_to_donor,32
0.90625,0.59375,random_pair,31,0.75,flip_to_donor,32
0.90625,0.625,random_pair,32,0.78125,flip_to_donor,32
0.90625,0.59375,random_pair,33,0.75,flip_to_donor,32
0.90625,0.625,random_pair,34,0.78125,flip_to_donor,32
1.0,1.0,random_pair,35,1.0,flip_to_donor,32
0.109375,-0.078125,identity,0,0.015625,recipient_margin_change,32
0.046875,-0.1015625,identity,1,-0.02734375,recipient_margin_change,32
0.046875,-0.12109375,identity,2,-0.03515625,recipient_margin_change,32
0.08203125,-0.078125,identity,3,0.00390625,recipient_margin_change,32
0.05078125,-0.09765625,identity,4,-0.0234375,recipient_margin_change,32
0.0859375,-0.078125,identity,5,0.00390625,recipient_margin_change,32
0.109375,-0.08203125,identity,6,0.0078125,recipient_margin_change,32
0.08203125,-0.1015625,identity,7,-0.0078125,recipient_margin_change,32
0.109375,-0.0625,identity,8,0.0234375,recipient_margin_change,32
0.109375,-0.05859375,identity,9,0.0234375,recipient_margin_change,32
0.04296875,-0.140625,identity,10,-0.05078125,recipient_margin_change,32
0.07421875,-0.1171875,identity,11,-0.02734375,recipient_margin_change,32
0.078125,-0.08984375,identity,12,-0.0078125,recipient_margin_change,32
0.046875,-0.140625,identity,13,-0.05078125,recipient_margin_change,32
0.0703125,-0.1015625,identity,14,-0.015625,recipient_margin_change,32
0.09375,-0.09375,identity,15,0.0,recipient_margin_change,32
0.0703125,-0.1328125,identity,16,-0.03125,recipient_margin_change,32
0.06640625,-0.11328125,identity,17,-0.0234375,recipient_margin_change,32
0.1015625,-0.05078125,identity,18,0.02734375,recipient_margin_change,32
0.10546875,-0.0625,identity,19,0.01953125,recipient_margin_change,32
0.0859375,-0.07421875,identity,20,0.0078125,recipient_margin_change,32
0.15234375,-0.07421875,identity,21,0.03515625,recipient_margin_change,32
0.1953125,-0.078125,identity,22,0.05859375,recipient_margin_change,32
0.21484375,-0.09375,identity,23,0.05859375,recipient_margin_change,32
1.9140625,0.6484375,identity,24,1.27734375,recipient_margin_change,32
1.9453125,0.65625,identity,25,1.2890625,recipient_margin_change,32
2.09375,0.7578125,identity,26,1.421875,recipient_margin_change,32
2.125,0.77734375,identity,27,1.453125,recipient_margin_change,32
2.1328125,0.75390625,identity,28,1.453125,recipient_margin_change,32
2.10546875,0.65234375,identity,29,1.36328125,recipient_margin_change,32
1.69140625,0.3359375,identity,30,0.98828125,recipient_margin_change,32
1.7265625,0.359375,identity,31,1.01171875,recipient_margin_change,32
1.66015625,0.296875,identity,32,0.94921875,recipient_margin_change,32
1.65625,0.3125,identity,33,0.95703125,recipient_margin_change,32
1.48046875,0.1796875,identity,34,0.81640625,recipient_margin_change,32
0.44921875,-1.2265625,identity,35,-0.390625,recipient_margin_change,32
