ci_high,ci_low,contrast_type,layer,mean,metric,n,site
0.041347591047071655,-0.006725412787497256,content,0,0.011335097624117618,normalized_recovery,32,attn
0.023043950398018515,-0.004172908487960091,content,1,0.006886933980332919,normalized_recovery,32,attn
0.0014428432961186525,-0.00893918904192317,content,2,-0.003486412569301495,normalized_recovery,32,attn
0.0436807006153888,-0.004287937990147593,content,3,0.01367357354867981,normalized_recovery,32,attn
0.04338621057964993,-0.0030230868036559074,content,4,0.013884251822535639,normalized_recovery,32,attn
0.043515407529591106,-0.003364570488251649,content,5,0.01388159115987152,normalized_recovery,32,attn
0.0304067156798118,-0.010650902731905419,content,6,0.006332227973952574,normalized_recovery,32,attn
0.031348785841093095,-0.006248226667063112,content,7,0.008244877845418814,normalized_recovery,32,attn
0.03096447159306595,-0.006594104149029781,content,8,0.007927270409901117,normalized_recovery,32,attn
0.02179442890101189,-0.00505940198918549,content,9,0.0058930630624286,normalized_recovery,32,attn
0.04157522256643362,-0.006406615038693567,content,10,0.01176570577109032,normalized_recovery,32,attn
0.052943891413544,-0.004533055847371103,content,11,0.016155450554397193,normalized_recovery,32,attn
0.04250660661732298,-0.00542580132313245,content,12,0.012596399990225732,normalized_recovery,32,attn
0.029570057776097447,-0.007401931485663555,content,13,0.006853369844257781,normalized_recovery,32,attn
0.0408677342955775,-0.010026538171384583,content,14,0.01009596540019144,normalized_recovery,32,attn
0.03157839982882942,-0.006739238203674889,content,15,0.008245917068878877,normalized_recovery,32,attn
0.021159733016393473,-0.006197064071325604,content,16,0.00480125174085461,normalized_recovery,32,attn
0.032788474918270236,-0.002878543040273562,content,17,0.01044650606278362,normalized_recovery,32,attn
0.05135162757916183,-0.01026729365694347,content,18,0.013209489474597288,normalized_recovery,32,attn
0.05561962249597646,-0.003058211862650008,content,19,0.019050956748818265,normalized_recovery,32,attn
0.008283238019971438,-0.02178367301729682,content,20,-0.006031264039501834,normalized_recovery,32,attn
0.02890507938168851,0.0010875998441239605,content,21,0.014647209036910405,normalized_recovery,32,attn
0.013600592067057169,-0.07613458034980984,content,22,-0.02216670804397461,normalized_recovery,32,attn
0.17769933404024263,0.021922029922747065,content,23,0.08714678541309066,normalized_recovery,32,attn
0.15062763553073194,-0.17238079005751178,content,24,0.02629813632564669,normalized_recovery,32,attn
0.03222264387055536,-0.06272680821410445,content,25,-0.022787712937637136,normalized_recovery,32,attn
0.222581371600257,0.04094172389638191,content,26,0.10837471785181672,normalized_recovery,32,attn
0.3371778222380067,0.012960204663964865,content,27,0.13021281864669973,normalized_recovery,32,attn
-0.007827879480443216,-0.04897719119983037,content,28,-0.028172071158888087,normalized_recovery,32,attn
0.05146035624871814,-0.07329034700255468,content,29,0.004699173635428703,normalized_recovery,32,attn
0.17789628343407876,0.07074550259442744,content,30,0.11661018960435904,normalized_recovery,32,attn
0.06909983354659159,0.013742684602888112,content,31,0.03968634728780788,normalized_recovery,32,attn
0.11222108179038504,-0.051661574714306734,content,32,0.045381486489203135,normalized_recovery,32,attn
0.10009784598949106,-0.05140856595998954,content,33,0.03670653053897985,normalized_recovery,32,attn
0.45812889171366017,0.23474290094909378,content,34,0.3348933183371294,normalized_recovery,32,attn
0.1785096763502412,-0.046597824907749115,content,35,0.05334222842043991,normalized_recovery,32,attn
0.002291971845823769,-0.0018548565870866428,content_and_position,0,-1.5470681547325262e-05,normalized_recovery,32,attn
0.0033321578293814607,-0.0025884611932184697,content_and_position,1,0.00014717591137703294,normalized_recovery,32,attn
0.003206345536984152,-0.0020103859797582615,content_and_position,2,0.0004980457718880214,normalized_recovery,32,attn
0.003427240005979,-0.00220070715614852,content_and_position,3,0.0004931736600484744,normalized_recovery,32,attn
0.003980864320384821,-0.0021141682665748863,content_and_position,4,0.0008004838240189358,normalized_recovery,32,attn
0.0030928063292158577,-0.00230198819112618,content_and_position,5,0.00037081389225806485,normalized_recovery,32,attn
0.00303175326202145,-0.0022832153812925894,content_and_position,6,0.0002436164432151679,normalized_recovery,32,attn
0.003523066190911509,-0.0015907143563495317,content_and_position,7,0.0006943152967648255,normalized_recovery,32,attn
0.002094731158271846,-0.003091189126902982,content_and_position,8,-0.0005467250676819842,normalized_recovery,32,attn
0.0027910829218895246,-0.0026811490443439676,content_and_position,9,-4.5990229422443566e-05,normalized_recovery,32,attn
0.002898855755342871,-0.0024786804510735774,content_and_position,10,7.717821199649505e-05,normalized_recovery,32,attn
0.003066673808123998,-0.0021508001536320303,content_and_position,11,0.00022509121039692565,normalized_recovery,32,attn
0.003168355062967738,-0.0021320113294209598,content_and_position,12,0.0002809726430725943,normalized_recovery,32,attn
0.003250637479414622,-0.0022689409124761533,content_and_position,13,0.0003887075060425945,normalized_recovery,32,attn
0.00207844294427614,-0.0033071699901539597,content_and_position,14,-0.0006541190302475022,normalized_recovery,32,attn
0.002678833304089407,-0.0022816183111869425,content_and_position,15,0.00011291786792208674,normalized_recovery,32,attn
0.0032433980603518765,-0.0016933108501998248,content_and_position,16,0.0005686832875074684,normalized_recovery,32,attn
0.002616363834026978,-0.002816233412083025,content_and_position,17,-0.0003097514441163697,normalized_recovery,32,attn
0.004475079355608434,-0.0007448939641936851,content_and_position,18,0.0017200189713722125,normalized_recovery,32,attn
5.085304404080117e-05,-0.004040437865792369,content_and_position,19,-0.0021800833927102608,normalized_recovery,32,attn
0.00253685092597663,-0.0051904736573572235,content_and_position,20,-0.0013161893905210484,normalized_recovery,32,attn
0.009288710321612095,0.00013264274690623378,content_and_position,21,0.0045363315233031935,normalized_recovery,32,attn
0.001326456103810692,-0.010033076616609963,content_and_position,22,-0.004287346512215343,normalized_recovery,32,attn
0.010848434647272382,-0.006217750831845951,content_and_position,23,0.0016899155649341554,normalized_recovery,32,attn
0.3791205836409072,0.30818387429542266,content_and_position,24,0.34329044037532136,normalized_recovery,32,attn
-0.01956471211929265,-0.034658831250723075,content_and_position,25,-0.02747991268072392,normalized_recovery,32,attn
0.036145103391252716,0.02104005908585908,content_and_position,26,0.028177471447726785,normalized_recovery,32,attn
0.036220614393089746,0.02054863311397644,content_and_position,27,0.02793346906925725,normalized_recovery,32,attn
0.004778546648335825,-0.005917855655930913,content_and_position,28,-0.0005440182068125476,normalized_recovery,32,attn
0.09629462036575465,0.07104064130332413,content_and_position,29,0.08326844895810637,normalized_recovery,32,attn
0.08673764062129484,0.05041025102880442,content_and_position,30,0.06882844774198595,normalized_recovery,32,attn
-0.004238789851017952,-0.012448209818450962,content_and_position,31,-0.008381539164981359,normalized_recovery,32,attn
0.02620990735239652,0.01353248369796261,content_and_position,32,0.01991275270114946,normalized_recovery,32,attn
0.011450760594684342,0.004412996470814662,content_and_position,33,0.007948653496462538,normalized_recovery,32,attn
0.02514695942569164,-0.003037141681845381,content_and_position,34,0.01148057877876148,normalized_recovery,32,attn
0.1684994443149859,0.08642632271861547,content_and_position,35,0.12555888257698336,normalized_recovery,32,attn
0.002929588921352837,-0.003983117095915147,position,0,-0.0003573132444789903,normalized_recovery,32,attn
0.0033454380102086456,-0.008317519800762915,position,1,-0.0015320828117434556,normalized_recovery,32,attn
0.002863675247353401,-0.004161218212570997,position,2,-0.0003544638716393323,normalized_recovery,32,attn
0.002818476628199135,-0.009200113170245522,position,3,-0.002409117133614219,normalized_recovery,32,attn
0.0019069003821111494,-0.00986703605958324,position,4,-0.0032417442141616957,normalized_recovery,32,attn
0.0025615293509999915,-0.009101249127696637,position,5,-0.0024447609854877455,normalized_recovery,32,attn
0.0032119589801308966,-0.004062748190252436,position,6,-0.00042745896569535373,normalized_recovery,32,attn
0.0023473334195720607,-0.004416096964288084,position,7,-0.0007577730995345709,normalized_recovery,32,attn
0.0029237501230021824,-0.008708153348528142,position,8,-0.0020718193121463274,normalized_recovery,32,attn
0.0037369413691284064,-0.003875508677942863,position,9,0.00012219081825956112,normalized_recovery,32,attn
0.003110774537777437,-0.008460585881976335,position,10,-0.0017332788845134455,normalized_recovery,32,attn
0.003241509773496379,-0.00850141299895683,position,11,-0.0015758146723746647,normalized_recovery,32,attn
0.0022461752987494935,-0.009054206935917228,position,12,-0.0023290136374431525,normalized_recovery,32,attn
0.0022769211853392152,-0.009264609140753843,position,13,-0.0025888572797925728,normalized_recovery,32,attn
0.0029622065225951,-0.008700325806207462,position,14,-0.002133156800483909,normalized_recovery,32,attn
0.0024512068232357197,-0.004855484960669866,position,15,-0.0010959163394826867,normalized_recovery,32,attn
0.003693820638332493,-0.003438333310224999,position,16,0.0003224725640778987,normalized_recovery,32,attn
0.0025465919817125064,-0.00459388835651437,position,17,-0.0008446352315952812,normalized_recovery,32,attn
0.0047817386977143,-0.0032832871153240326,position,18,0.0008492323464106459,normalized_recovery,32,attn
0.003099514517588286,-0.004225567292294402,position,19,-0.00041843227755357815,normalized_recovery,32,attn
0.004978045570685983,-0.003960521486217449,position,20,0.0006177178894214716,normalized_recovery,32,attn
0.004049376999916901,-0.004761888064858159,position,21,-0.0002906218260698353,normalized_recovery,32,attn
0.0034655058519498095,-0.010055678981023783,position,22,-0.0025306086152822815,normalized_recovery,32,attn
0.004295790188734282,-0.004895944329599088,position,23,-0.00010741869755238745,normalized_recovery,32,attn
0.37837182735179525,0.3062212317435145,position,24,0.3422170458260793,normalized_recovery,32,attn
-0.02389904194372051,-0.03804920281643509,position,25,-0.03064116122969702,normalized_recovery,32,attn
0.03294996227076783,0.018540919043022457,position,26,0.02544776659297963,normalized_recovery,32,attn
0.03368131970518637,0.01401791003959923,position,27,0.02329093357451766,normalized_recovery,32,attn
-0.0003432281549103529,-0.01481168005617741,position,28,-0.006898221006808826,normalized_recovery,32,attn
0.098332070531588,0.06593957115929078,position,29,0.08190891753444583,normalized_recovery,32,attn
0.08871159246808186,0.04434427538586582,position,30,0.06629010235989649,normalized_recovery,32,attn
-0.004944372708077428,-0.012229744058637013,position,31,-0.00844338172522566,normalized_recovery,32,attn
0.023411348381521226,0.004887625920493061,position,32,0.014782616408046859,normalized_recovery,32,attn
0.009059394739697644,-0.0038040193242491614,position,33,0.003702879573004692,normalized_recovery,32,attn
0.029499913128804903,-0.003383798692085888,position,34,0.013321530593754217,normalized_recovery,32,attn
0.18433117365350857,0.07226045119011204,position,35,0.12712810272803954,normalized_recovery,32,attn
0.023825525468370124,-0.0017843944820143387,content,0,0.008217893488277093,normalized_recovery,32,mlp
0.051616749007017355,-0.006427407075898127,content,1,0.014938714677022173,normalized_recovery,32,mlp
0.0541217872242996,-0.00262178771375219,content,2,0.017668693852443556,normalized_recovery,32,mlp
0.041160051925197116,-0.0064475268745078146,content,3,0.011216073401387285,normalized_recovery,32,mlp
0.04134101002637024,-0.006478440575200695,content,4,0.011507299383236736,normalized_recovery,32,mlp
0.021968770257232935,-0.00533098874916867,content,5,0.005585534470499368,normalized_recovery,32,mlp
0.008831888541792905,-0.009123064644248929,content,6,-0.0007420601880234418,normalized_recovery,32,mlp
0.002093886579938736,-0.008887696729771058,content,7,-0.003074900920123833,normalized_recovery,32,mlp
0.033187761363826854,-0.0028366471714763183,content,8,0.01061726557126922,normalized_recovery,32,mlp
0.02016932878444421,-0.007218559857501324,content,9,0.0034719688486302544,normalized_recovery,32,mlp
0.010466780116660529,-0.005937595952633321,content,10,0.0013630346514463053,normalized_recovery,32,mlp
0.04272684439412098,-0.0058908932168430335,content,11,0.012896813040392736,normalized_recovery,32,mlp
0.03114306359306723,-0.00531218340083753,content,12,0.008553805265613496,normalized_recovery,32,mlp
0.030513743696428647,-0.006516190604999924,content,13,0.007798683446785263,normalized_recovery,32,mlp
0.029912880475859792,-0.007359878337368658,content,14,0.00709279471126945,normalized_recovery,32,mlp
0.0714727445513827,-0.0073653903234127335,content,15,0.02071892486133732,normalized_recovery,32,mlp
0.03151221443476436,-0.005153998690326459,content,16,0.008886889522880626,normalized_recovery,32,mlp
0.02948423940702299,-0.011315296184981245,content,17,0.005526644458378106,normalized_recovery,32,mlp
0.03122686763301574,-0.005990929359570961,content,18,0.008383034082879305,normalized_recovery,32,mlp
0.04067224778988228,-0.01619587560136745,content,19,0.007102658491270309,normalized_recovery,32,mlp
0.006603359051861706,-0.023864122398122887,content,20,-0.006696624153038763,normalized_recovery,32,mlp
0.0098517029605874,-0.05340725785556156,content,21,-0.014446206012158746,normalized_recovery,32,mlp
0.005050532019857143,-0.021064417874766164,content,22,-0.0071660714124593934,normalized_recovery,32,mlp
0.09479042081768907,0.00223730348110785,content,23,0.041162124746976995,normalized_recovery,32,mlp
0.02504515773012807,-0.011444715971134367,content,24,0.005392283038066623,normalized_recovery,32,mlp
0.07504662455652092,-0.016291536373383615,content,25,0.018595273010963385,normalized_recovery,32,mlp
0.010587680631622269,-0.11632516605499099,content,26,-0.03650015923236132,normalized_recovery,32,mlp
0.06346221866684237,-0.016888033191267054,content,27,0.01649544708128284,normalized_recovery,32,mlp
0.013928532146807324,-0.07398231905318182,content,28,-0.020575006245103895,normalized_recovery,32,mlp
0.10276934848087198,-0.008743162706480848,content,29,0.03262880932449234,normalized_recovery,32,mlp
0.12356165130814188,-0.019404179259768763,content,30,0.032878254309543616,normalized_recovery,32,mlp
0.010971370860425687,-0.024437560094021298,content,31,-0.006135541252345198,normalized_recovery,32,mlp
0.2848760217573556,0.011984631060961065,content,32,0.10713313471408885,normalized_recovery,32,mlp
0.21440049194641478,0.01268023303324329,content,33,0.08464763319585407,normalized_recovery,32,mlp
0.14937908269053554,0.05927367349093697,content,34,0.10297403744927917,normalized_recovery,32,mlp
0.33687703617758835,0.0860043836464663,content,35,0.19307085458021672,normalized_recovery,32,mlp
0.00394994943206236,-0.0014225206617912147,content_and_position,0,0.001142868332819915,normalized_recovery,32,mlp
0.0032502698166904562,-0.0017847706636531825,content_and_position,1,0.0004751811752324337,normalized_recovery,32,mlp
0.003989821148694974,-0.001177624342047738,content_and_position,2,0.001404208706603405,normalized_recovery,32,mlp
0.0033962312261240526,-0.002081866620425291,content_and_position,3,0.0005283744016588034,normalized_recovery,32,mlp
0.0032164828488019524,-0.0024059446314816297,content_and_position,4,0.00024283382332513455,normalized_recovery,32,mlp
0.002572398794565733,-0.003439020758965876,content_and_position,5,-0.0005491649585700815,normalized_recovery,32,mlp
0.001468256798526299,-0.0031944199221875247,content_and_position,6,-0.001000565043856459,normalized_recovery,32,mlp
0.003243366278340598,-0.0021635716996512913,content_and_position,7,0.0003838552598286112,normalized_recovery,32,mlp
0.0025781749776081766,-0.0025690147653588406,content_and_position,8,-7.803358541806429e-05,normalized_recovery,32,mlp
0.004122548852835568,-0.0016374707373057514,content_and_position,9,0.0011673339045525863,normalized_recovery,32,mlp
0.002712101417382002,-0.002092052277062441,content_and_position,10,0.00011765904716058221,normalized_recovery,32,mlp
0.002358735844699111,-0.003916984528310306,content_and_position,11,-0.0009067480339878958,normalized_recovery,32,mlp
0.0036137965621096057,-0.0022300170951638104,content_and_position,12,0.00047686735630797386,normalized_recovery,32,mlp
0.0032012395810870017,-0.0016074626749379834,content_and_position,13,0.0008155727767903313,normalized_recovery,32,mlp
0.0043198638463696586,-0.001269956172609347,content_and_position,14,0.0014266886897849507,normalized_recovery,32,mlp
0.00282953526079187,-0.0026918755435853254,content_and_position,15,-2.856967188688962e-05,normalized_recovery,32,mlp
0.003824672257550373,-0.0007640385465254031,content_and_position,16,0.0012769829139082389,normalized_recovery,32,mlp
0.0029015954878568494,-0.0025597927774594085,content_and_position,17,0.00019467307137250995,normalized_recovery,32,mlp
0.001519221317262916,-0.004035626153727653,content_and_position,18,-0.0013326033152448894,normalized_recovery,32,mlp
0.002982941028057257,-0.001833319067383822,content_and_position,19,0.0004459478804137851,normalized_recovery,32,mlp
0.002025191672856855,-0.003715665745183408,content_and_position,20,-0.0007213403456642726,normalized_recovery,32,mlp
0.003947110598732842,-0.004476501232782861,content_and_position,21,-0.0003566105198796126,normalized_recovery,32,mlp
0.0022813657932167775,-0.007538110268377021,content_and_position,22,-0.002563989804829316,normalized_recovery,32,mlp
0.006789756440274898,-0.009969334893071613,content_and_position,23,-0.002435100160128831,normalized_recovery,32,mlp
-0.007699726059304872,-0.023804677598612798,content_and_position,24,-0.01550812134768228,normalized_recovery,32,mlp
0.00544246688173072,-0.008716516202306608,content_and_position,25,-0.0015343343560304359,normalized_recovery,32,mlp
0.01643469504495616,0.005507931699830685,content_and_position,26,0.0107403432716065,normalized_recovery,32,mlp
0.00941031785849443,0.0004353385559218969,content_and_position,27,0.004934576814248951,normalized_recovery,32,mlp
0.013266195723257294,0.004761833257985284,content_and_position,28,0.008772968135685384,normalized_recovery,32,mlp
0.011501881669138594,-0.0016382897822311794,content_and_position,29,0.005126732727559577,normalized_recovery,32,mlp
0.0025443358298635455,-0.013891792638041713,content_and_position,30,-0.005965894680320139,normalized_recovery,32,mlp
0.06757750604649057,0.029987681754472733,content_and_position,31,0.04816662453492933,normalized_recovery,32,mlp
0.025333124684675364,0.005825293632292965,content_and_position,32,0.01531102350914973,normalized_recovery,32,mlp
0.04264299203031605,0.010026253700172516,content_and_position,33,0.025859704263923748,normalized_recovery,32,mlp
0.0460468202723791,0.004072431015564931,content_and_position,34,0.025301280214755126,normalized_recovery,32,mlp
0.07560314617637204,-0.009582855639902918,content_and_position,35,0.03258206467841417,normalized_recovery,32,mlp
0.003448032675356781,-0.0033503544597642083,position,0,0.0002126557764774495,normalized_recovery,32,mlp
0.002876966958991471,-0.008614950804246607,position,1,-0.0020523868752172526,normalized_recovery,32,mlp
0.0031468034014596412,-0.008195326928392227,position,2,-0.0015414895645036732,normalized_recovery,32,mlp
0.00262740501001488,-0.008835411003560905,position,3,-0.0022885343998249553,normalized_recovery,32,mlp
0.003709872719822778,-0.003647355005254035,position,4,0.0002552439068216857,normalized_recovery,32,mlp
0.0013993199185990022,-0.009476315250372963,position,5,-0.0031444854783238786,normalized_recovery,32,mlp
0.003092046110936143,-0.008126113976343151,position,6,-0.0015821821201447354,normalized_recovery,32,mlp
0.004178469088743285,-0.007660484138543589,position,7,-0.0007801208921060297,normalized_recovery,32,mlp
0.0029023902711531836,-0.008917071670472617,position,8,-0.0021457050473276443,normalized_recovery,32,mlp
0.0034145151763361557,-0.008039921160508463,position,9,-0.0014887136387374679,normalized_recovery,32,mlp
0.003596337189660884,-0.003921210656266372,position,10,-4.9317900019239965e-06,normalized_recovery,32,mlp
0.002299497172020563,-0.0049747864748662385,position,11,-0.0011570262962028476,normalized_recovery,32,mlp
0.0032126557121563686,-0.008004065867729504,position,12,-0.0014684973198509448,normalized_recovery,32,mlp
0.002602035795278309,-0.0084356932203637,position,13,-0.0019254902556513328,normalized_recovery,32,mlp
0.0027487954295026553,-0.00453971850532035,position,14,-0.0007203455628509673,normalized_recovery,32,mlp
0.0028021663988022152,-0.004114627637103374,position,15,-0.0004846667539550986,normalized_recovery,32,mlp
0.002294162939039099,-0.009093892258320871,position,16,-0.0025073715150985454,normalized_recovery,32,mlp
0.003189478005148203,-0.008124811882241678,position,17,-0.0015845302303995397,normalized_recovery,32,mlp
0.0024542128085206032,-0.004907566583138231,position,18,-0.0012004034626498042,normalized_recovery,32,mlp
0.0019330224138112365,-0.009842980345913467,position,19,-0.0029807544776256547,normalized_recovery,32,mlp
0.0038749380514603617,-0.00844042944026523,position,20,-0.0013717691918986308,normalized_recovery,32,mlp
0.0048295306031077975,-0.008044941083528092,position,21,-0.0007980544636058596,normalized_recovery,32,mlp
0.000619915125790708,-0.005892415782055943,position,22,-0.0022680346382861383,normalized_recovery,32,mlp
0.003202008407024409,-0.005937042128526507,position,23,-0.0012650099351940944,normalized_recovery,32,mlp
-0.008841510067594649,-0.025340182575267888,position,24,-0.016848244879466626,normalized_recovery,32,mlp
-6.573798726116188e-05,-0.014417968660534328,position,25,-0.006532856150150928,normalized_recovery,32,mlp
0.010687526004316944,-0.0032537550568280528,position,26,0.004315415470310955,normalized_recovery,32,mlp
0.009865005032523577,-0.0004913767256762001,position,27,0.004665690461604493,normalized_recovery,32,mlp
0.014040577081202477,0.0014969368255705214,position,28,0.007475739782868096,normalized_recovery,32,mlp
0.004269274835784856,-0.015472774275871182,position,29,-0.004816848788757986,normalized_recovery,32,mlp
-0.005021283488898766,-0.024428608229917912,position,30,-0.014529467938276122,normalized_recovery,32,mlp
0.055702117012774784,0.02346901215750627,position,31,0.039191528541479455,normalized_recovery,32,mlp
0.02280941835260244,0.0003460752103787884,position,32,0.011658419389208445,normalized_recovery,32,mlp
0.04012103307886647,0.005504968682560089,position,33,0.02270324047777634,normalized_recovery,32,mlp
0.04973857783169697,0.003707287889851212,position,34,0.027849816201569365,normalized_recovery,32,mlp
0.06110829459075826,-0.02533880557069846,position,35,0.01685060561582987,normalized_recovery,32,mlp
