ci_high,ci_low,contrast_type,group,layer,mean,metric,n
2.001137426743094,0.9313563158163681,content,image,0,1.3147337690015692,normalized_recovery,32
2.037038389654904,0.9351853376722417,content,image,2,1.3315895304442695,normalized_recovery,32
2.0281654543946264,0.9370352469751233,content,image,4,1.3301564034397588,normalized_recovery,32
2.013624992542393,0.9315366129274758,content,image,6,1.3202948302515227,normalized_recovery,32
2.047932491836492,0.9330885143190369,content,image,8,1.334320014433305,normalized_recovery,32
1.989817211286822,0.9270253219298429,content,image,10,1.3096208650565442,normalized_recovery,32
1.9397092855991869,0.9171395456050834,content,image,12,1.2873436714550988,normalized_recovery,32
1.8132982583810735,0.9177838500405013,content,image,14,1.2471687327599177,normalized_recovery,32
0.9693843431242285,0.7023700018593428,content,image,16,0.833473210716432,normalized_recovery,32
0.7363496168233157,0.37453953501201764,content,image,18,0.5629872996059917,normalized_recovery,32
0.3516740465733107,0.13292501277722524,content,image,20,0.2406160861119078,normalized_recovery,32
0.2921516680602595,0.1092404179384012,content,image,22,0.19258850130241165,normalized_recovery,32
0.14757305384456737,0.05090935926970018,content,image,24,0.09565027132174024,normalized_recovery,32
0.125944224436479,0.04092567330481985,content,image,26,0.07984942802512002,normalized_recovery,32
0.14730960983125582,0.04912965979261265,content,image,28,0.09553421615521678,normalized_recovery,32
0.10581684349458068,0.03178559385164321,content,image,30,0.06636538116440718,normalized_recovery,32
0.06412114008352972,0.017110046431882697,content,image,32,0.03939537043399932,normalized_recovery,32
0.031386403212752455,-0.005634341770793939,content,image,34,0.00862272488503929,normalized_recovery,32
0.020940591322156026,-0.005577283806511302,content,image,35,0.005080928979839004,normalized_recovery,32
0.06542273468982618,-0.0041871969337929985,content,labels,0,0.021646692015116223,normalized_recovery,32
0.0043711515939173565,-0.007402443903802106,content,labels,2,-0.001453973495290524,normalized_recovery,32
0.010181416642782671,-0.010761757663806545,content,labels,4,1.2519511645875847e-05,normalized_recovery,32
0.0037468460074264903,-0.018207841700902817,content,labels,6,-0.006528193024336306,normalized_recovery,32
0.002356538962848239,-0.008837514833810838,content,labels,8,-0.002991383353696197,normalized_recovery,32
0.004240722392697464,-0.01752479947346335,content,labels,10,-0.005882224544787307,normalized_recovery,32
0.03312822831149103,-0.004777727571393696,content,labels,12,0.010345412773557702,normalized_recovery,32
0.007092997844234399,-0.031919645440056585,content,labels,14,-0.008496429619839697,normalized_recovery,32
0.0331667415711557,-0.006737230459544278,content,labels,16,0.009452689173303124,normalized_recovery,32
0.0352266198629433,-0.005227307615785113,content,labels,18,0.011430716708971903,normalized_recovery,32
0.036673660492629614,-0.002088527005838236,content,labels,20,0.015999056924140973,normalized_recovery,32
0.0065634917629932505,-0.04267658324371014,content,labels,22,-0.014961516161435187,normalized_recovery,32
0.030526913789753453,-0.013763428050002448,content,labels,24,0.004795596233728702,normalized_recovery,32
0.028266321661361914,-0.01365117439538634,content,labels,26,0.0032319002074309706,normalized_recovery,32
0.0023630590948135327,-0.011639407923720552,content,labels,28,-0.004873642222766254,normalized_recovery,32
0.01089420640631158,-0.0083354151755852,content,labels,30,0.00035283780375883916,normalized_recovery,32
0.03001096696499298,-0.018809252871799596,content,labels,32,0.0023178919288132523,normalized_recovery,32
0.01970761508229209,-0.011425532564652258,content,labels,34,0.002345339245561348,normalized_recovery,32
0.020940591322156026,-0.005577283806511302,content,labels,35,0.005080928979839004,normalized_recovery,32
0.06710508903968505,-1.0117707838166168,content,options,0,-0.33944923794092113,normalized_recovery,32
0.05828851900832128,-1.0626442141081411,content,options,2,-0.35947642045965406,normalized_recovery,32
0.06933447364869229,-1.05373608390014,content,options,4,-0.3522485591322162,normalized_recovery,32
0.06810665704602187,-1.0530642322909955,content,options,6,-0.3500130545883685,normalized_recovery,32
0.06482451918748756,-1.1208887917220607,content,options,8,-0.3751743485156165,normalized_recovery,32
0.06337716800447236,-1.1597018401554673,content,options,10,-0.3903864365524061,normalized_recovery,32
0.06462904236025847,-1.241531258712725,content,options,12,-0.41538995657367844,normalized_recovery,32
0.07000461726453423,-1.0339598428729213,content,options,14,-0.3436791467959726,normalized_recovery,32
0.10662424457426298,-0.646157084486693,content,options,16,-0.18976976931627854,normalized_recovery,32
0.15775843764372802,-0.36324405801048476,content,options,18,-0.058203665723233565,normalized_recovery,32
0.4230763760089754,0.1470180489076922,content,options,20,0.29790877213701883,normalized_recovery,32
0.37286359364006705,0.09103796716638686,content,options,22,0.24674079469677718,normalized_recovery,32
0.33434365479937483,0.06736289009913883,content,options,24,0.21205922238015354,normalized_recovery,32
0.3251403090629047,0.05805627595267017,content,options,26,0.20682930131843597,normalized_recovery,32
0.29776711374088377,0.04264975248646993,content,options,28,0.18367987776965589,normalized_recovery,32
0.26871490693520883,0.010815264673930541,content,options,30,0.15139830634111776,normalized_recovery,32
0.14851782319024276,-0.12921973735326317,content,options,32,0.0200387526988322,normalized_recovery,32
0.03225586271960408,-0.09670855047094574,content,options,34,-0.029710666825610486,normalized_recovery,32
0.020940591322156026,-0.005577283806511302,content,options,35,0.005080928979839004,normalized_recovery,32
0.023521673321663918,-0.0029281405545592554,content,question,0,0.007957931674778167,normalized_recovery,32
0.05243121889663856,-0.009296293171381254,content,question,2,0.014745092280205475,normalized_recovery,32
0.011129074616710553,-0.002233478013866114,content,question,4,0.003927311738500214,normalized_recovery,32
0.004115852550537276,-0.0340425292594963,content,question,6,-0.010975839708705594,normalized_recovery,32
0.026217613610064323,-0.0005986313510485104,content,question,8,0.010612195035565796,normalized_recovery,32
0.019082078955289107,-0.004665080787202463,content,question,10,0.007000052593461608,normalized_recovery,32
0.1075995387207881,0.011257959755943202,content,question,12,0.05231049712665357,normalized_recovery,32
0.195252776342079,0.020646169136592646,content,question,14,0.09353242374331086,normalized_recovery,32
0.4953961731035564,0.08829418128155994,content,question,16,0.2549082418973089,normalized_recovery,32
0.6763392271113984,0.13504548178426623,content,question,18,0.3464525908870224,normalized_recovery,32
0.3321259158899748,0.10659285881562522,content,question,20,0.20657614311469388,normalized_recovery,32
0.16214301630913802,0.052064237414740144,content,question,22,0.09969403249721062,normalized_recovery,32
0.023506206058747894,-0.011554048000612802,content,question,24,0.007098093635206032,normalized_recovery,32
0.022673260270676305,0.0057078700278451085,content,question,26,0.013677404626177225,normalized_recovery,32
0.018951006962096607,-0.005837155294908101,content,question,28,0.006909447933817077,normalized_recovery,32
0.030789612124981918,-0.00241500615871262,content,question,30,0.013068146535495512,normalized_recovery,32
0.04040366690903846,-0.005244757654032938,content,question,32,0.015259230095461797,normalized_recovery,32
0.03351081896096604,-0.007377224934613888,content,question,34,0.009543016205220679,normalized_recovery,32
0.020940591322156026,-0.005577283806511302,content,question,35,0.005080928979839004,normalized_recovery,32
0.3948685755858424,0.2408341628327801,content_and_position,image,0,0.3217698632915697,normalized_recovery,32
0.3949426168601619,0.2409122699595545,content_and_position,image,2,0.3216046186861756,normalized_recovery,32
0.3930493559031344,0.23834355344007785,content_and_position,image,4,0.31930509086325354,normalized_recovery,32
0.39194273403011715,0.23624713412750975,content_and_position,image,6,0.3179170738250766,normalized_recovery,32
0.39185420282301664,0.23666757406249628,content_and_position,image,8,0.31824879678042095,normalized_recovery,32
0.392030198221334,0.23508330993616225,content_and_position,image,10,0.3175351800564717,normalized_recovery,32
0.38800300896998613,0.2304050550632178,content_and_position,image,12,0.31183138302001434,normalized_recovery,32
0.3743387038026792,0.2191857185763136,content_and_position,image,14,0.29862446882546484,normalized_recovery,32
0.25221352693154825,0.11285826013363184,content_and_position,image,16,0.18278782954072698,normalized_recovery,32
0.16118135390561278,0.02972220934899168,content_and_position,image,18,0.09709626172781263,normalized_recovery,32
0.04309902771735109,-0.03571547297879458,content_and_position,image,20,0.002685747040545928,normalized_recovery,32
0.024491144162364042,-0.011051191162963082,content_and_position,image,22,0.004588470304929661,normalized_recovery,32
0.011327433849502067,-0.005182206534672247,content_and_position,image,24,0.002450835967792116,normalized_recovery,32
0.010509217542307292,-0.004803220089489096,content_and_position,image,26,0.0021020708605282443,normalized_recovery,32
0.006833395721224532,-0.0055700703043813525,content_and_position,image,28,0.00023072490069569302,normalized_recovery,32
0.0029221618390755273,-0.00414113859642792,content_and_position,image,30,-0.0006835144561750965,normalized_recovery,32
0.0022976712068182993,-0.002596845119881976,content_and_position,image,32,-0.00036804559340661736,normalized_recovery,32
0.0037381996704186635,-0.0020318749296645514,content_and_position,image,34,0.0007067108426399699,normalized_recovery,32
0.0030641398652897986,-0.002914831594374006,content_and_position,image,35,7.668282377808159e-05,normalized_recovery,32
0.004144370887214005,-0.0016410923138025935,content_and_position,labels,0,0.0011721362270734317,normalized_recovery,32
0.005620110789482992,-0.001696755797935192,content_and_position,labels,2,0.0014609734924399813,normalized_recovery,32
0.004802608629244207,-0.00018944306448784103,content_and_position,labels,4,0.0022189486003689925,normalized_recovery,32
0.005875812881427971,-0.0008055155038543911,content_and_position,labels,6,0.0023424650626814154,normalized_recovery,32
0.007291545925519892,0.000596447078675567,content_and_position,labels,8,0.003549016896466666,normalized_recovery,32
0.004545559798996129,0.00010370530241724898,content_and_position,labels,10,0.0023004569306216967,normalized_recovery,32
0.005928337496956172,-0.00024357374222867866,content_and_position,labels,12,0.002806378923534095,normalized_recovery,32
0.008438594292415138,0.000518601406677568,content_and_position,labels,14,0.004228687872754983,normalized_recovery,32
0.006640368024185,-0.0007830509841618505,content_and_position,labels,16,0.002943437703680459,normalized_recovery,32
0.012487520106196854,0.004308239561155731,content_and_position,labels,18,0.008297776534047587,normalized_recovery,32
0.029913835913320502,0.012732589486911534,content_and_position,labels,20,0.02100893527207004,normalized_recovery,32
0.05024651588217497,0.024414620347083534,content_and_position,labels,22,0.036646349904751796,normalized_recovery,32
0.02417060176567249,0.00474937301366031,content_and_position,labels,24,0.01414936001663367,normalized_recovery,32
0.017954364183908413,0.0024943914577318636,content_and_position,labels,26,0.010054457408063995,normalized_recovery,32
0.013095862095191365,0.0002020656772459436,content_and_position,labels,28,0.006151354051908143,normalized_recovery,32
0.006908048258145266,-0.004968604313603239,content_and_position,labels,30,0.0008233711027592235,normalized_recovery,32
0.005266061749696075,-0.0041465180614183,content_and_position,labels,32,0.000611635016399802,normalized_recovery,32
0.003433640348594369,-0.002781149533606204,content_and_position,labels,34,3.3479156234139255e-05,normalized_recovery,32
0.0030641398652897986,-0.002914831594374006,content_and_position,labels,35,7.668282377808159e-05,normalized_recovery,32
0.6198094764421185,0.4034371185704024,content_and_position,options,0,0.5250507648075826,normalized_recovery,32
0.6213624683113056,0.4024481172586863,content_and_position,options,2,0.525436736751544,normalized_recovery,32
0.6243462358436119,0.40154257832033013,content_and_position,options,4,0.5264388657004018,normalized_recovery,32
0.6213795874747984,0.3972844545398592,content_and_position,options,6,0.5230902407138908,normalized_recovery,32
0.6159550624608148,0.39916375083630923,content_and_position,options,8,0.5204414065138324,normalized_recovery,32
0.6157426003166043,0.395630422089334,content_and_position,options,10,0.5192327361505539,normalized_recovery,32
0.6096726687023718,0.3895873014746256,content_and_position,options,12,0.5137823888028858,normalized_recovery,32
0.5935845861854124,0.38056277889692997,content_and_position,options,14,0.5024347591167329,normalized_recovery,32
0.5890097129962049,0.38287262036329656,content_and_position,options,16,0.4981752275564768,normalized_recovery,32
0.5991994741672539,0.41937158196187463,content_and_position,options,18,0.517166791666315,normalized_recovery,32
0.5264603737847905,0.3905755443688451,content_and_position,options,20,0.4554920145587468,normalized_recovery,32
0.3765262557497984,0.2362514236529512,content_and_position,options,22,0.3009468314803046,normalized_recovery,32
0.15597156954135255,0.05046866954756433,content_and_position,options,24,0.09720940624494252,normalized_recovery,32
0.1593757763002486,0.057719265151301644,content_and_position,options,26,0.10333059393447419,normalized_recovery,32
0.16230251341466234,0.06126656286050703,content_and_position,options,28,0.10631641609212289,normalized_recovery,32
0.16282870964933402,0.061015649355971834,content_and_position,options,30,0.10741233683575549,normalized_recovery,32
0.17053793363752065,0.06748802420093679,content_and_position,options,32,0.11409305244321445,normalized_recovery,32
0.22256532448300279,0.11183140617104234,content_and_position,options,34,0.1639629832215092,normalized_recovery,32
0.0030641398652897986,-0.002914831594374006,content_and_position,options,35,7.668282377808159e-05,normalized_recovery,32
0.003579641046993992,-0.0007330454893125837,content_and_position,question,0,0.0013237107392785627,normalized_recovery,32
0.005722274388613029,-0.0012914004958436555,content_and_position,question,2,0.001989001702926588,normalized_recovery,32
0.0026312839332051506,-0.0025373960977256374,content_and_position,question,4,0.00012159800313671248,normalized_recovery,32
0.0018737710112284233,-0.0029501412984474697,content_and_position,question,6,-0.0005307055843895732,normalized_recovery,32
0.0032540450403860995,-0.003322359533569427,content_and_position,question,8,-0.00021814998537515517,normalized_recovery,32
0.003947878538827247,-0.00535282696900383,content_and_position,question,10,-0.00030068717395352357,normalized_recovery,32
0.005741017610549215,-0.016493709901260204,content_and_position,question,12,-0.004521407472400873,normalized_recovery,32
0.009588110300816912,-0.018988806469357612,content_and_position,question,14,-0.003915871599744204,normalized_recovery,32
0.04464784467926938,-0.0287645042250958,content_and_position,question,16,0.01042227993674072,normalized_recovery,32
0.03841643695513695,-0.05504041014618503,content_and_position,question,18,-0.005807447279061418,normalized_recovery,32
0.023925328666932134,-0.05174403356952566,content_and_position,question,20,-0.010406369079983303,normalized_recovery,32
0.0062028039876861505,-0.03939942218793399,content_and_position,question,22,-0.013166571353522203,normalized_recovery,32
0.005645967986130575,-0.008165052135895886,content_and_position,question,24,-0.0011638265032687185,normalized_recovery,32
0.0024507490235831254,-0.010084707084278883,content_and_position,question,26,-0.003801222904921883,normalized_recovery,32
0.00404570666719692,-0.0073787933395522785,content_and_position,question,28,-0.0017599922866277035,normalized_recovery,32
0.0022254610984344114,-0.00985974174162761,content_and_position,question,30,-0.003747084188383318,normalized_recovery,32
0.0033089971343229574,-0.007844951823784497,content_and_position,question,32,-0.0021087688544695416,normalized_recovery,32
0.0029658564442994455,-0.002151448539068999,content_and_position,question,34,0.0002562659950969383,normalized_recovery,32
0.0030641398652897986,-0.002914831594374006,content_and_position,question,35,7.668282377808159e-05,normalized_recovery,32
