ci_high,ci_low,component,layer,mean,metric,n,scheme
-0.007762059569358826,-0.009124405682086945,attn,0,-0.008447349071502686,direct_correct_minus_best_incorrect,1024,letters
-0.004467489838134497,-0.00538686488289386,attn,1,-0.004943359585013241,direct_correct_minus_best_incorrect,1024,letters
-0.007555339427199215,-0.008997261931654066,attn,2,-0.008267771627288312,direct_correct_minus_best_incorrect,1024,letters
-0.002156265079975128,-0.002639763057231903,attn,3,-0.002398163080215454,direct_correct_minus_best_incorrect,1024,letters
-0.003777176607400179,-0.004463543300516903,attn,4,-0.004108718363568187,direct_correct_minus_best_incorrect,1024,letters
-0.007783868844853714,-0.009146307245828211,attn,5,-0.008463382633635774,direct_correct_minus_best_incorrect,1024,letters
-0.006324634072370827,-0.007471896824426949,attn,6,-0.006916307029314339,direct_correct_minus_best_incorrect,1024,letters
-0.0036945746978744864,-0.004318790626712143,attn,7,-0.004016911378130317,direct_correct_minus_best_incorrect,1024,letters
-0.0137559175491333,-0.015824943780899048,attn,8,-0.014765232801437378,direct_correct_minus_best_incorrect,1024,letters
-0.009269173722714186,-0.010855333763174713,attn,9,-0.010050042881630361,direct_correct_minus_best_incorrect,1024,letters
-0.012144968379288912,-0.014178910059854388,attn,10,-0.013157636974938214,direct_correct_minus_best_incorrect,1024,letters
-0.02116065815789625,-0.025316320068668574,attn,11,-0.023298823682125658,direct_correct_minus_best_incorrect,1024,letters
-0.014983002096414566,-0.018130764365196228,attn,12,-0.01661378750577569,direct_correct_minus_best_incorrect,1024,letters
-0.019658041826914996,-0.02359084162162617,attn,13,-0.0216357828467153,direct_correct_minus_best_incorrect,1024,letters
-0.012970685958862305,-0.015453338623046875,attn,14,-0.01419377326965332,direct_correct_minus_best_incorrect,1024,letters
-0.027175966184586287,-0.03170566586777568,attn,15,-0.02939590555615723,direct_correct_minus_best_incorrect,1024,letters
-0.03138625295832753,-0.036390990717336535,attn,16,-0.03384743008064106,direct_correct_minus_best_incorrect,1024,letters
-0.024182911962270737,-0.028032176196575165,attn,17,-0.026114996522665024,direct_correct_minus_best_incorrect,1024,letters
-0.027267756522633135,-0.03184245550073683,attn,18,-0.029579736292362213,direct_correct_minus_best_incorrect,1024,letters
-0.048440045677125454,-0.05976368371921126,attn,19,-0.05414160877990071,direct_correct_minus_best_incorrect,1024,letters
-0.0287448950111866,-0.03447258519008756,attn,20,-0.03160810610279441,direct_correct_minus_best_incorrect,1024,letters
-0.05605472158640623,-0.06927288044244051,attn,21,-0.06262605916708708,direct_correct_minus_best_incorrect,1024,letters
-0.10749787755776197,-0.12687268888112158,attn,22,-0.11686450656270608,direct_correct_minus_best_incorrect,1024,letters
-0.04987352713942528,-0.06612583994865417,attn,23,-0.05800590291619301,direct_correct_minus_best_incorrect,1024,letters
2.345355672761798,2.112135039642453,attn,24,2.226986510679126,direct_correct_minus_best_incorrect,1024,letters
-0.37103979336097836,-0.3977740672416985,attn,25,-0.3842844949103892,direct_correct_minus_best_incorrect,1024,letters
0.15818190574645996,0.1306227147579193,attn,26,0.14437928795814514,direct_correct_minus_best_incorrect,1024,letters
0.12863046675920486,0.10690765921026468,attn,27,0.11744526121765375,direct_correct_minus_best_incorrect,1024,letters
-0.1966601014137268,-0.24171403050422668,attn,28,-0.21935227513313293,direct_correct_minus_best_incorrect,1024,letters
2.352647230029106,1.9797918200492859,attn,29,2.1680831015110016,direct_correct_minus_best_incorrect,1024,letters
-0.08590275049209595,-0.10843324661254883,attn,30,-0.09726741909980774,direct_correct_minus_best_incorrect,1024,letters
-0.12984546832740307,-0.14454223029315472,attn,31,-0.13741970714181662,direct_correct_minus_best_incorrect,1024,letters
0.39990993682295084,0.30794067680835724,attn,32,0.35574451880529523,direct_correct_minus_best_incorrect,1024,letters
0.4383831024169922,0.3663597106933594,attn,33,0.40146923065185547,direct_correct_minus_best_incorrect,1024,letters
0.2633504867553711,0.1751689910888672,attn,34,0.21712589263916016,direct_correct_minus_best_incorrect,1024,letters
-0.14590275287628174,-0.3048574924468994,attn,35,-0.226729154586792,direct_correct_minus_best_incorrect,1024,letters
-0.001172095537185669,-0.001384735107421875,mlp,0,-0.001277536153793335,direct_correct_minus_best_incorrect,1024,letters
-0.003698122047353536,-0.004324900530264131,mlp,1,-0.004002412742920569,direct_correct_minus_best_incorrect,1024,letters
-0.005209058523178101,-0.006354615092277527,mlp,2,-0.005778372287750244,direct_correct_minus_best_incorrect,1024,letters
-0.002199530601501465,-0.002596914768218994,mlp,3,-0.002398252487182617,direct_correct_minus_best_incorrect,1024,letters
-0.0057215094566345215,-0.006659388542175293,mlp,4,-0.00618898868560791,direct_correct_minus_best_incorrect,1024,letters
-0.01016467809677124,-0.011757850646972656,mlp,5,-0.010972857475280762,direct_correct_minus_best_incorrect,1024,letters
-0.01525381236569956,-0.01816625043284148,mlp,6,-0.01667385542532429,direct_correct_minus_best_incorrect,1024,letters
-0.0060882568359375,-0.007062852382659912,mlp,7,-0.006570398807525635,direct_correct_minus_best_incorrect,1024,letters
-0.011311054229736328,-0.013493776321411133,mlp,8,-0.012407109141349792,direct_correct_minus_best_incorrect,1024,letters
-0.009066882077604532,-0.010704917833209038,mlp,9,-0.009896301897242665,direct_correct_minus_best_incorrect,1024,letters
-0.017313786724116653,-0.020169409071968403,mlp,10,-0.018792817623761948,direct_correct_minus_best_incorrect,1024,letters
-0.007750562857836485,-0.009225451620295644,mlp,11,-0.008489084662869573,direct_correct_minus_best_incorrect,1024,letters
-0.046727001667022705,-0.057000935077667236,mlp,12,-0.05192679166793823,direct_correct_minus_best_incorrect,1024,letters
-0.020150169730186462,-0.02457757294178009,mlp,13,-0.02243562787771225,direct_correct_minus_best_incorrect,1024,letters
-0.03676461835857481,-0.045346649596467614,mlp,14,-0.041135866194963455,direct_correct_minus_best_incorrect,1024,letters
-0.025690164417028427,-0.029928799718618393,mlp,15,-0.02778654918074608,direct_correct_minus_best_incorrect,1024,letters
-0.03631925582885742,-0.04233133792877197,mlp,16,-0.039499759674072266,direct_correct_minus_best_incorrect,1024,letters
-0.0268172255018726,-0.031134573509916663,mlp,17,-0.02891889458987862,direct_correct_minus_best_incorrect,1024,letters
-0.07643396500498056,-0.09042185917496681,mlp,18,-0.0835106698796153,direct_correct_minus_best_incorrect,1024,letters
-0.060068272054195404,-0.07313215732574463,mlp,19,-0.06660454720258713,direct_correct_minus_best_incorrect,1024,letters
-0.06945310765877366,-0.08461191761307418,mlp,20,-0.07725175016093999,direct_correct_minus_best_incorrect,1024,letters
-0.05860082572326064,-0.07066572993062437,mlp,21,-0.06467177183367312,direct_correct_minus_best_incorrect,1024,letters
-0.057767319958657026,-0.06833689915947616,mlp,22,-0.06315202894620597,direct_correct_minus_best_incorrect,1024,letters
-0.11730126205657143,-0.14086408415460028,mlp,23,-0.12919332839373965,direct_correct_minus_best_incorrect,1024,letters
-0.3458261080086231,-0.39911405643215403,mlp,24,-0.37265754892723635,direct_correct_minus_best_incorrect,1024,letters
-0.16123676300048828,-0.18829631805419922,mlp,25,-0.1748652458190918,direct_correct_minus_best_incorrect,1024,letters
-0.11042022705078125,-0.1335601806640625,mlp,26,-0.12240982055664062,direct_correct_minus_best_incorrect,1024,letters
-0.1433887481689453,-0.1656475067138672,mlp,27,-0.15450096130371094,direct_correct_minus_best_incorrect,1024,letters
-0.20708034187555313,-0.2557346820831299,mlp,28,-0.2315189316868782,direct_correct_minus_best_incorrect,1024,letters
-0.11695442348718643,-0.1985270231962204,mlp,29,-0.15801408886909485,direct_correct_minus_best_incorrect,1024,letters
-0.13491107523441315,-0.1809767633676529,mlp,30,-0.1583297699689865,direct_correct_minus_best_incorrect,1024,letters
2.6687163673341274,2.3130748122930527,mlp,31,2.485802810639143,direct_correct_minus_best_incorrect,1024,letters
0.46776774153113365,0.31019675359129906,mlp,32,0.38918859511613846,direct_correct_minus_best_incorrect,1024,letters
0.8530431389808655,0.5026286244392395,mlp,33,0.6786838173866272,direct_correct_minus_best_incorrect,1024,letters
0.5530014038085938,0.3504486083984375,mlp,34,0.4485015869140625,direct_correct_minus_best_incorrect,1024,letters
-0.55035400390625,-0.7325763702392578,mlp,35,-0.6426792144775391,direct_correct_minus_best_incorrect,1024,letters
-0.0027427971363067627,-0.0031281597912311554,attn,0,-0.0029310137033462524,direct_correct_minus_best_incorrect,1024,numbers
-0.007642738521099091,-0.00874350219964981,attn,1,-0.008171580731868744,direct_correct_minus_best_incorrect,1024,numbers
-0.0052322309638839215,-0.006227974168723449,attn,2,-0.005729123513447121,direct_correct_minus_best_incorrect,1024,numbers
-0.0072006965056061745,-0.008404767257161438,attn,3,-0.007817249017534778,direct_correct_minus_best_incorrect,1024,numbers
-0.003142312169075012,-0.003635615110397339,attn,4,-0.0033867359161376953,direct_correct_minus_best_incorrect,1024,numbers
-0.0034272796474397182,-0.004109619578230195,attn,5,-0.003764227047213353,direct_correct_minus_best_incorrect,1024,numbers
-0.0034511685371398926,-0.004171252250671387,attn,6,-0.0038133859634399414,direct_correct_minus_best_incorrect,1024,numbers
-0.003776901283345069,-0.004456616238712741,attn,7,-0.004120150347262097,direct_correct_minus_best_incorrect,1024,numbers
-0.004307150840759277,-0.005052477121353149,attn,8,-0.0046811699867248535,direct_correct_minus_best_incorrect,1024,numbers
-0.005734802223742008,-0.006860960274934769,attn,9,-0.006314250640571117,direct_correct_minus_best_incorrect,1024,numbers
-0.005297362804412842,-0.006331577897071838,attn,10,-0.005820184946060181,direct_correct_minus_best_incorrect,1024,numbers
-0.01521194539964199,-0.01771048828959465,attn,11,-0.016508863074705005,direct_correct_minus_best_incorrect,1024,numbers
-0.013153493404388428,-0.015146374702453613,attn,12,-0.014176428318023682,direct_correct_minus_best_incorrect,1024,numbers
-0.010567682213149965,-0.012711616465821862,attn,13,-0.011656992021016777,direct_correct_minus_best_incorrect,1024,numbers
-0.019407987594604492,-0.022688627243041992,attn,14,-0.021088361740112305,direct_correct_minus_best_incorrect,1024,numbers
-0.005830325186252594,-0.006942654028534889,attn,15,-0.00638975203037262,direct_correct_minus_best_incorrect,1024,numbers
-0.033628835692070425,-0.040753818466328084,attn,16,-0.037299725343473256,direct_correct_minus_best_incorrect,1024,numbers
-0.022542372345924377,-0.026814527809619904,attn,17,-0.024744153022766113,direct_correct_minus_best_incorrect,1024,numbers
-0.029089882969856262,-0.03471605363301933,attn,18,-0.03196922177448869,direct_correct_minus_best_incorrect,1024,numbers
-0.02286993945017457,-0.027019429486244917,attn,19,-0.024957411224022508,direct_correct_minus_best_incorrect,1024,numbers
-0.015578377759084105,-0.018982635694555938,attn,20,-0.017287875176407397,direct_correct_minus_best_incorrect,1024,numbers
-0.036549391224980354,-0.04334958270192146,attn,21,-0.03992251679301262,direct_correct_minus_best_incorrect,1024,numbers
-0.03547842055559158,-0.04246755689382553,attn,22,-0.038897350430488586,direct_correct_minus_best_incorrect,1024,numbers
-0.04023314081132412,-0.062047336250543594,attn,23,-0.05102619994431734,direct_correct_minus_best_incorrect,1024,numbers
0.6419961079955101,0.5778325535356998,attn,24,0.610093985684216,direct_correct_minus_best_incorrect,1024,numbers
-0.1460462260292843,-0.1620607073418796,attn,25,-0.15417755383532494,direct_correct_minus_best_incorrect,1024,numbers
-0.0005602240562438965,-0.01419106125831604,attn,26,-0.007633239030838013,direct_correct_minus_best_incorrect,1024,numbers
-0.021932601928710938,-0.02875685691833496,attn,27,-0.025366783142089844,direct_correct_minus_best_incorrect,1024,numbers
0.012858390808105469,-0.013950228691101074,attn,28,-0.000822998583316803,direct_correct_minus_best_incorrect,1024,numbers
0.20483244594652206,0.15872836124617606,attn,29,0.1819241622579284,direct_correct_minus_best_incorrect,1024,numbers
0.8100457116961479,0.6991500705480576,attn,30,0.7552969306707382,direct_correct_minus_best_incorrect,1024,numbers
0.04863918200135231,0.007358079543337226,attn,31,0.027773400535807014,direct_correct_minus_best_incorrect,1024,numbers
1.118893701583147,0.900314386934042,attn,32,1.0105265341699123,direct_correct_minus_best_incorrect,1024,numbers
0.15016016736626625,0.1260589025914669,attn,33,0.13766944035887718,direct_correct_minus_best_incorrect,1024,numbers
-0.20002365112304688,-0.37221527099609375,attn,34,-0.2884845733642578,direct_correct_minus_best_incorrect,1024,numbers
-0.2978057861328125,-0.4384765625,attn,35,-0.367645263671875,direct_correct_minus_best_incorrect,1024,numbers
-0.002595841884613037,-0.00301322340965271,mlp,0,-0.0028001368045806885,direct_correct_minus_best_incorrect,1024,numbers
-0.0018392205238342285,-0.0021403729915618896,mlp,1,-0.0019884705543518066,direct_correct_minus_best_incorrect,1024,numbers
-0.001982077956199646,-0.002317175269126892,mlp,2,-0.0021516308188438416,direct_correct_minus_best_incorrect,1024,numbers
-0.004765033721923828,-0.005694270133972168,mlp,3,-0.005227506160736084,direct_correct_minus_best_incorrect,1024,numbers
-0.009696483612060547,-0.011034965515136719,mlp,4,-0.010362863540649414,direct_correct_minus_best_incorrect,1024,numbers
-0.007201075553894043,-0.008506059646606445,mlp,5,-0.007862329483032227,direct_correct_minus_best_incorrect,1024,numbers
-0.01074801100185141,-0.012800407108443324,mlp,6,-0.011804653600847814,direct_correct_minus_best_incorrect,1024,numbers
-0.012618198990821838,-0.015044450759887695,mlp,7,-0.013807788491249084,direct_correct_minus_best_incorrect,1024,numbers
-0.004396408796310425,-0.005253970623016357,mlp,8,-0.004813879728317261,direct_correct_minus_best_incorrect,1024,numbers
-0.013915484072640538,-0.01656257314607501,mlp,9,-0.015218334272503853,direct_correct_minus_best_incorrect,1024,numbers
-0.0035493075847625732,-0.004195600748062134,mlp,10,-0.003873080015182495,direct_correct_minus_best_incorrect,1024,numbers
-0.022055983543395996,-0.026254266500473022,mlp,11,-0.02418045699596405,direct_correct_minus_best_incorrect,1024,numbers
-0.023358941078186035,-0.02725362777709961,mlp,12,-0.02525484561920166,direct_correct_minus_best_incorrect,1024,numbers
-0.01951611042022705,-0.022895336151123047,mlp,13,-0.02120661735534668,direct_correct_minus_best_incorrect,1024,numbers
-0.021906375885009766,-0.026075363159179688,mlp,14,-0.02405548095703125,direct_correct_minus_best_incorrect,1024,numbers
-0.011389527644496411,-0.013391864515142515,mlp,15,-0.012376709870295599,direct_correct_minus_best_incorrect,1024,numbers
-0.024465993512421846,-0.02884953818283975,mlp,16,-0.026639454066753387,direct_correct_minus_best_incorrect,1024,numbers
-0.028975723311305046,-0.033378468826413155,mlp,17,-0.03115658648312092,direct_correct_minus_best_incorrect,1024,numbers
-0.0336719392798841,-0.04080234398134053,mlp,18,-0.03718566242605448,direct_correct_minus_best_incorrect,1024,numbers
-0.024981975555419922,-0.029189586639404297,mlp,19,-0.027086257934570312,direct_correct_minus_best_incorrect,1024,numbers
-0.02978651225566864,-0.035386696457862854,mlp,20,-0.032627418637275696,direct_correct_minus_best_incorrect,1024,numbers
-0.03829348087310791,-0.0457538366317749,mlp,21,-0.04203009605407715,direct_correct_minus_best_incorrect,1024,numbers
-0.07479864312335849,-0.09380592126399279,mlp,22,-0.08463083556853235,direct_correct_minus_best_incorrect,1024,numbers
-0.08109413087368011,-0.09550368785858154,mlp,23,-0.08802543580532074,direct_correct_minus_best_incorrect,1024,numbers
0.12809576839208603,0.09221507608890533,mlp,24,0.10933610051870346,direct_correct_minus_best_incorrect,1024,numbers
0.09096622467041016,0.07160234451293945,mlp,25,0.08089303970336914,direct_correct_minus_best_incorrect,1024,numbers
0.05619910382665694,0.0419800141826272,mlp,26,0.049287459813058376,direct_correct_minus_best_incorrect,1024,numbers
0.24089331552386284,0.19439641572535038,mlp,27,0.2173368576914072,direct_correct_minus_best_incorrect,1024,numbers
0.5779983322136104,0.4544062092900276,mlp,28,0.5152776683680713,direct_correct_minus_best_incorrect,1024,numbers
0.048220954835414886,0.01487915962934494,mlp,29,0.03153848275542259,direct_correct_minus_best_incorrect,1024,numbers
0.44780443981289864,0.3075480945408344,mlp,30,0.3776053376495838,direct_correct_minus_best_incorrect,1024,numbers
0.47817277908325195,0.3798818588256836,mlp,31,0.43036603927612305,direct_correct_minus_best_incorrect,1024,numbers
0.7706681676208973,0.6230216212570667,mlp,32,0.6928868629038334,direct_correct_minus_best_incorrect,1024,numbers
0.17278672754764557,0.028710409998893738,mlp,33,0.09933502040803432,direct_correct_minus_best_incorrect,1024,numbers
2.596123218536377,2.298274278640747,mlp,34,2.448737382888794,direct_correct_minus_best_incorrect,1024,numbers
0.03507339954376221,-0.1395118236541748,mlp,35,-0.056308627128601074,direct_correct_minus_best_incorrect,1024,numbers
-0.013306990265846252,-0.01538771390914917,attn,0,-0.014330223202705383,direct_correct_minus_best_incorrect,1024,rare_letters
-0.01087953831302002,-0.01271911570802331,attn,1,-0.011790011369157583,direct_correct_minus_best_incorrect,1024,rare_letters
-0.007280929246917367,-0.008557243854738772,attn,2,-0.007903958554379642,direct_correct_minus_best_incorrect,1024,rare_letters
-0.00546369596850127,-0.006389004993252456,attn,3,-0.00592069118283689,direct_correct_minus_best_incorrect,1024,rare_letters
-0.008976022800197825,-0.010869911115150899,attn,4,-0.009949467814294621,direct_correct_minus_best_incorrect,1024,rare_letters
-0.0063973855576477945,-0.007554868643637747,attn,5,-0.006974926625844091,direct_correct_minus_best_incorrect,1024,rare_letters
-0.00890561193227768,-0.010238470509648323,attn,6,-0.009607488289475441,direct_correct_minus_best_incorrect,1024,rare_letters
-0.010776089504361153,-0.012789913453161716,attn,7,-0.011822724714875221,direct_correct_minus_best_incorrect,1024,rare_letters
-0.012333972379565239,-0.014357835985720158,attn,8,-0.013357907184399664,direct_correct_minus_best_incorrect,1024,rare_letters
-0.011618899327004328,-0.01378531419322826,attn,9,-0.012677911814535037,direct_correct_minus_best_incorrect,1024,rare_letters
-0.012614941922947764,-0.01496907295222627,attn,10,-0.013797663057630416,direct_correct_minus_best_incorrect,1024,rare_letters
-0.019385725259780884,-0.022505223751068115,attn,11,-0.020984888076782227,direct_correct_minus_best_incorrect,1024,rare_letters
-0.020738592138513923,-0.024922296404838562,attn,12,-0.022809972753748298,direct_correct_minus_best_incorrect,1024,rare_letters
-0.016893744468688965,-0.01995021104812622,attn,13,-0.018471598625183105,direct_correct_minus_best_incorrect,1024,rare_letters
-0.03571796417236328,-0.04169940948486328,attn,14,-0.03874921798706055,direct_correct_minus_best_incorrect,1024,rare_letters
-0.025106161832809448,-0.03073495626449585,attn,15,-0.027899712324142456,direct_correct_minus_best_incorrect,1024,rare_letters
-0.04376939404755831,-0.05148636270314455,attn,16,-0.04782009357586503,direct_correct_minus_best_incorrect,1024,rare_letters
-0.03603455051779747,-0.04288387671113014,attn,17,-0.03945562057197094,direct_correct_minus_best_incorrect,1024,rare_letters
-0.07088748973910697,-0.08489015331724659,attn,18,-0.07781024943687953,direct_correct_minus_best_incorrect,1024,rare_letters
-0.04116483172401786,-0.04831401095725596,attn,19,-0.04462651559151709,direct_correct_minus_best_incorrect,1024,rare_letters
-0.03856919426470995,-0.0458472752943635,attn,20,-0.042155634611845016,direct_correct_minus_best_incorrect,1024,rare_letters
-0.08293229644186795,-0.10226449463516474,attn,21,-0.09265675605274737,direct_correct_minus_best_incorrect,1024,rare_letters
-0.037926018121652305,-0.045024502789601684,attn,22,-0.0415446258848533,direct_correct_minus_best_incorrect,1024,rare_letters
-0.05240650847554207,-0.06791798863559961,attn,23,-0.060118754394352436,direct_correct_minus_best_incorrect,1024,rare_letters
0.6602207645773888,0.5456664636731148,attn,24,0.6032959241420031,direct_correct_minus_best_incorrect,1024,rare_letters
-0.2092949589714408,-0.2346802725805901,attn,25,-0.22179846552899107,direct_correct_minus_best_incorrect,1024,rare_letters
0.040654391050338745,0.026329338550567627,attn,26,0.03346604108810425,direct_correct_minus_best_incorrect,1024,rare_letters
-0.028237152146175504,-0.04894388071261346,attn,27,-0.03901538415811956,direct_correct_minus_best_incorrect,1024,rare_letters
-0.09899703972041607,-0.13275799294933677,attn,28,-0.11552473460324109,direct_correct_minus_best_incorrect,1024,rare_letters
3.1463356018066406,2.783346176147461,attn,29,2.9666566848754883,direct_correct_minus_best_incorrect,1024,rare_letters
0.166207579895854,0.12788108922541142,attn,30,0.14738466404378414,direct_correct_minus_best_incorrect,1024,rare_letters
0.6449241638183594,0.4887078069150448,attn,31,0.5658858995884657,direct_correct_minus_best_incorrect,1024,rare_letters
0.8654865175485611,0.7516290172934532,attn,32,0.8092298060655594,direct_correct_minus_best_incorrect,1024,rare_letters
0.6163015365600586,0.5281200408935547,attn,33,0.5721960067749023,direct_correct_minus_best_incorrect,1024,rare_letters
1.2259445190429688,0.9670562744140625,attn,34,1.0960464477539062,direct_correct_minus_best_incorrect,1024,rare_letters
0.6653150320053101,0.5282539129257202,attn,35,0.599219560623169,direct_correct_minus_best_incorrect,1024,rare_letters
-0.0033595263957977295,-0.004106104373931885,mlp,0,-0.0037314295768737793,direct_correct_minus_best_incorrect,1024,rare_letters
-0.0029173195362091064,-0.003478892147541046,mlp,1,-0.003201127052307129,direct_correct_minus_best_incorrect,1024,rare_letters
-0.005589872598648071,-0.006596744060516357,mlp,2,-0.006103813648223877,direct_correct_minus_best_incorrect,1024,rare_letters
-0.004640936851501465,-0.0056168437004089355,mlp,3,-0.005119621753692627,direct_correct_minus_best_incorrect,1024,rare_letters
-0.006640434265136719,-0.0077211856842041016,mlp,4,-0.007174968719482422,direct_correct_minus_best_incorrect,1024,rare_letters
-0.004427765496075153,-0.0052672699093818665,mlp,5,-0.004841240122914314,direct_correct_minus_best_incorrect,1024,rare_letters
-0.019986748695373535,-0.023245410644449294,mlp,6,-0.02166682865936309,direct_correct_minus_best_incorrect,1024,rare_letters
-0.01395485398825258,-0.01616636465769261,mlp,7,-0.015061437734402716,direct_correct_minus_best_incorrect,1024,rare_letters
-0.02167213661596179,-0.025799713097512722,mlp,8,-0.023748249746859074,direct_correct_minus_best_incorrect,1024,rare_letters
-0.03897376055829227,-0.04580504400655627,mlp,9,-0.042499389848671854,direct_correct_minus_best_incorrect,1024,rare_letters
-0.018381640315055847,-0.021429434418678284,mlp,10,-0.01991972327232361,direct_correct_minus_best_incorrect,1024,rare_letters
-0.026825274107977748,-0.031699287646915764,mlp,11,-0.0293758477200754,direct_correct_minus_best_incorrect,1024,rare_letters
-0.05301541090011597,-0.06162722408771515,mlp,12,-0.05744646489620209,direct_correct_minus_best_incorrect,1024,rare_letters
-0.08000493049621582,-0.09687507152557373,mlp,13,-0.08842968940734863,direct_correct_minus_best_incorrect,1024,rare_letters
-0.022541522979736328,-0.026065945625305176,mlp,14,-0.02434825897216797,direct_correct_minus_best_incorrect,1024,rare_letters
-0.0412485939450562,-0.048873733496293426,mlp,15,-0.04519582795910537,direct_correct_minus_best_incorrect,1024,rare_letters
-0.07751900423318148,-0.0916018495336175,mlp,16,-0.08470532763749361,direct_correct_minus_best_incorrect,1024,rare_letters
-0.03945495095103979,-0.04703507572412491,mlp,17,-0.04331249138340354,direct_correct_minus_best_incorrect,1024,rare_letters
-0.06911567784845829,-0.08302098046988249,mlp,18,-0.07623332645744085,direct_correct_minus_best_incorrect,1024,rare_letters
-0.03361859917640686,-0.039771705865859985,mlp,19,-0.036730021238327026,direct_correct_minus_best_incorrect,1024,rare_letters
-0.03204265469685197,-0.03777208924293518,mlp,20,-0.03489199513569474,direct_correct_minus_best_incorrect,1024,rare_letters
-0.15694474056363106,-0.18733461946249008,mlp,21,-0.172260751016438,direct_correct_minus_best_incorrect,1024,rare_letters
-0.06885752989910543,-0.08196454052813351,mlp,22,-0.07544828508980572,direct_correct_minus_best_incorrect,1024,rare_letters
-0.13785873539745808,-0.1630176231265068,mlp,23,-0.15065394528210163,direct_correct_minus_best_incorrect,1024,rare_letters
-0.07406961917877197,-0.09123951196670532,mlp,24,-0.08271628618240356,direct_correct_minus_best_incorrect,1024,rare_letters
-0.1766019738279283,-0.2050338895060122,mlp,25,-0.19081749767065048,direct_correct_minus_best_incorrect,1024,rare_letters
-0.07491549849510193,-0.08935888484120369,mlp,26,-0.08228321559727192,direct_correct_minus_best_incorrect,1024,rare_letters
-0.13401606306433678,-0.16703864559531212,mlp,27,-0.15030661597847939,direct_correct_minus_best_incorrect,1024,rare_letters
-0.16482583608012646,-0.1848723143339157,mlp,28,-0.17472300480585545,direct_correct_minus_best_incorrect,1024,rare_letters
-0.024796370416879654,-0.051146578043699265,mlp,29,-0.03797038272023201,direct_correct_minus_best_incorrect,1024,rare_letters
0.33663709461688995,0.22742939740419388,mlp,30,0.28280074521899223,direct_correct_minus_best_incorrect,1024,rare_letters
0.36699102399870753,0.21776038315147161,mlp,31,0.2932296930812299,direct_correct_minus_best_incorrect,1024,rare_letters
0.6171588897705078,0.4616661071777344,mlp,32,0.5409564971923828,direct_correct_minus_best_incorrect,1024,rare_letters
1.7747130393981934,1.541137933731079,mlp,33,1.6561133861541748,direct_correct_minus_best_incorrect,1024,rare_letters
0.7481307983398438,0.5216541290283203,mlp,34,0.6341876983642578,direct_correct_minus_best_incorrect,1024,rare_letters
-1.7183971405029297,-1.8984947204589844,mlp,35,-1.8131237030029297,direct_correct_minus_best_incorrect,1024,rare_letters
0.006708547472953796,0.006512735970318317,attn,0,0.006607097573578358,direct_mean_label,1024,letters
0.0011055036538891727,0.0009988511646952247,attn,1,0.001051106906743371,direct_mean_label,1024,letters
-0.014209711822331883,-0.014685149668366648,attn,2,-0.014440649028983898,direct_mean_label,1024,letters
0.01060638576745987,0.01007908582687378,attn,3,0.0103340744972229,direct_mean_label,1024,letters
0.0026404242889839225,0.0023117924865800887,attn,4,0.0024771384014457,direct_mean_label,1024,letters
0.004621592823241372,0.004433487469214015,attn,5,0.004523778319708072,direct_mean_label,1024,letters
-0.012955356418387964,-0.01333978123147972,attn,6,-0.013146476849215105,direct_mean_label,1024,letters
-0.007069703045999631,-0.007364529563346878,attn,7,-0.007215550460387021,direct_mean_label,1024,letters
0.04396017640829086,0.04232581704854965,attn,8,0.043097738176584244,direct_mean_label,1024,letters
0.0038275612314464524,0.0033948365453397855,attn,9,0.0036060449356227764,direct_mean_label,1024,letters
-0.009782086010091007,-0.010392834941740148,attn,10,-0.010080759428092279,direct_mean_label,1024,letters
0.0003283388214185834,-0.00021129533706698567,attn,11,5.4034710046835244e-05,direct_mean_label,1024,letters
0.031682014116086066,0.030679006245918572,attn,12,0.03115952853113413,direct_mean_label,1024,letters
0.010435861026053317,0.010005313029978424,attn,13,0.010217047136393376,direct_mean_label,1024,letters
0.096901535987854,0.09305757284164429,attn,14,0.09495484828948975,direct_mean_label,1024,letters
0.028364618512568995,0.027376971367630176,attn,15,0.027863954441272654,direct_mean_label,1024,letters
-0.036886223722831346,-0.03810609415813815,attn,16,-0.037493022784474306,direct_mean_label,1024,letters
0.058574998285621405,0.056460856925696135,attn,17,0.05749177513644099,direct_mean_label,1024,letters
0.0018209814734291285,-0.001211265567690134,attn,18,0.00029782706405967474,direct_mean_label,1024,letters
0.02542390353846713,0.023197045229608193,attn,19,0.024359060644201236,direct_mean_label,1024,letters
0.047804498237383086,0.043372934094804805,attn,20,0.045560911028587725,direct_mean_label,1024,letters
0.07697148702573031,0.07087396795395762,attn,21,0.07388629042543471,direct_mean_label,1024,letters
0.0009352835913887247,-0.004742886638268828,attn,22,-0.0017914557392941788,direct_mean_label,1024,letters
0.16095165512524545,0.14270400814712048,attn,23,0.1515130246989429,direct_mean_label,1024,letters
0.21580230630934238,0.19577686116099358,attn,24,0.20609246427193284,direct_mean_label,1024,letters
-0.05762988922651857,-0.06753122759982944,attn,25,-0.06245064456015825,direct_mean_label,1024,letters
0.23938868008553982,0.22250067070126534,attn,26,0.23074532393366098,direct_mean_label,1024,letters
-0.043149349046871066,-0.054668214404955506,attn,27,-0.048879096983000636,direct_mean_label,1024,letters
0.25959993503056467,0.24383355129975826,attn,28,0.25172736879903823,direct_mean_label,1024,letters
1.6590263287071139,1.6195538039319217,attn,29,1.6388672213070095,direct_mean_label,1024,letters
-0.3165516182780266,-0.32944247126579285,attn,30,-0.3228148892521858,direct_mean_label,1024,letters
-0.1488686427474022,-0.15694731939584017,attn,31,-0.1529625861439854,direct_mean_label,1024,letters
0.16564547293819487,0.14360549242701381,attn,32,0.15466540318448097,direct_mean_label,1024,letters
1.2681434154510498,1.1788749694824219,attn,33,1.2238614559173584,direct_mean_label,1024,letters
2.574687957763672,2.516550064086914,attn,34,2.544842004776001,direct_mean_label,1024,letters
1.0867820046842098,1.0143961161375046,attn,35,1.0519735924899578,direct_mean_label,1024,letters
0.01041778177022934,0.01010042428970337,mlp,0,0.010253027081489563,direct_mean_label,1024,letters
-0.0007782966204104014,-0.0008317934216393041,mlp,1,-0.0008046901180023269,direct_mean_label,1024,letters
0.010231368243694305,0.009904712438583374,mlp,2,0.010062728077173233,direct_mean_label,1024,letters
0.024970799684524536,0.02419339120388031,mlp,3,0.024566709995269775,direct_mean_label,1024,letters
0.026965148746967316,0.026142314076423645,mlp,4,0.026537291705608368,direct_mean_label,1024,letters
0.030804231762886047,0.0298774391412735,mlp,5,0.030321255326271057,direct_mean_label,1024,letters
-0.028348152482067235,-0.029208804422523826,mlp,6,-0.028763715192326345,direct_mean_label,1024,letters
0.028253227472305298,0.027325108647346497,mlp,7,0.027769938111305237,direct_mean_label,1024,letters
-0.037701673805713654,-0.039199795573949814,mlp,8,-0.03842562809586525,direct_mean_label,1024,letters
0.02838331676321104,0.026452385529410094,mlp,9,0.02739373064832762,direct_mean_label,1024,letters
-0.024675421582287527,-0.025823992860750877,mlp,10,-0.02525623712608649,direct_mean_label,1024,letters
-0.0222565183066763,-0.023203886055853218,mlp,11,-0.022729959979187697,direct_mean_label,1024,letters
-0.03609727323055267,-0.037467941641807556,mlp,12,-0.036782220005989075,direct_mean_label,1024,letters
-0.05297015234827995,-0.054763104766607285,mlp,13,-0.05384436435997486,direct_mean_label,1024,letters
-0.05424713279353455,-0.05631880110013299,mlp,14,-0.05527087225345895,direct_mean_label,1024,letters
0.06788949482142925,0.06565190572291613,mlp,15,0.06672924850136042,direct_mean_label,1024,letters
0.12100222706794739,0.11722788214683533,mlp,16,0.11902609467506409,direct_mean_label,1024,letters
-0.015100757300388068,-0.016135405545355752,mlp,17,-0.01561055684578605,direct_mean_label,1024,letters
-0.13263314147479832,-0.1367666474543512,mlp,18,-0.1346163044217974,direct_mean_label,1024,letters
0.16645998321473598,0.15972318686544895,mlp,19,0.16291202045977116,direct_mean_label,1024,letters
-0.0750531580997631,-0.0804332542757038,mlp,20,-0.0777383667009417,direct_mean_label,1024,letters
-0.05844387906836346,-0.06303546123672277,mlp,21,-0.06075735996273579,direct_mean_label,1024,letters
0.07428132899804041,0.06532238732324913,mlp,22,0.0698158040177077,direct_mean_label,1024,letters
0.0056246831627504434,-0.014425541179662105,mlp,23,-0.004430348646565108,direct_mean_label,1024,letters
0.46979104954516515,0.4417050611227751,mlp,24,0.45534154487540945,direct_mean_label,1024,letters
0.511914074420929,0.49371328949928284,mlp,25,0.5025930926203728,direct_mean_label,1024,letters
0.514013946056366,0.4953405261039734,mlp,26,0.5042562484741211,direct_mean_label,1024,letters
1.070899486541748,1.0372676849365234,mlp,27,1.053661823272705,direct_mean_label,1024,letters
0.8230984918773174,0.7942181061953306,mlp,28,0.808320764452219,direct_mean_label,1024,letters
0.21644398104399443,0.19346785312518477,mlp,29,0.20517609547823668,direct_mean_label,1024,letters
0.7387567069381475,0.7042327020317316,mlp,30,0.7211890108883381,direct_mean_label,1024,letters
0.5625251438468695,0.482517646625638,mlp,31,0.5214894572272897,direct_mean_label,1024,letters
0.7900998927652836,0.742127064615488,mlp,32,0.7651031333953142,direct_mean_label,1024,letters
2.927455872297287,2.8293333649635315,mlp,33,2.8762790113687515,direct_mean_label,1024,letters
4.804859161376953,4.717395782470703,mlp,34,4.761161804199219,direct_mean_label,1024,letters
6.986936684697866,6.764549907296896,mlp,35,6.876147087663412,direct_mean_label,1024,letters
0.005960692651569843,0.005763235501945019,attn,0,0.005857815034687519,direct_mean_label,1024,numbers
0.00043937936425209045,0.0002851821482181549,attn,1,0.0003612283617258072,direct_mean_label,1024,numbers
-0.004559119282930624,-0.004798175054020248,attn,2,-0.004677263528719777,direct_mean_label,1024,numbers
0.002741477801464498,0.002489832819264848,attn,3,0.002612547377793817,direct_mean_label,1024,numbers
-0.0136290043592453,-0.014232072979211807,attn,4,-0.01392555981874466,direct_mean_label,1024,numbers
6.594769729417749e-05,-0.00021241430295049213,attn,5,-7.607350926264189e-05,direct_mean_label,1024,numbers
-0.031009867787361145,-0.03214214742183685,attn,6,-0.031564608216285706,direct_mean_label,1024,numbers
-0.00539467585622333,-0.005665037417657004,attn,7,-0.005531414659571965,direct_mean_label,1024,numbers
0.03659091889858246,0.035035453736782074,attn,8,0.03579054772853851,direct_mean_label,1024,numbers
0.014752624556422234,0.014031349026481621,attn,9,0.014387500028533395,direct_mean_label,1024,numbers
0.017337746918201447,0.01669023558497429,attn,10,0.017003102228045464,direct_mean_label,1024,numbers
0.0254753478729981,0.02461345876508858,attn,11,0.025035145481524523,direct_mean_label,1024,numbers
0.036593250930309296,0.03508254140615463,attn,12,0.03580702841281891,direct_mean_label,1024,numbers
0.0244525357556995,0.02348107664147392,attn,13,0.023961199505720288,direct_mean_label,1024,numbers
0.1295873522758484,0.12505686283111572,attn,14,0.127297043800354,direct_mean_label,1024,numbers
0.02136702527059242,0.020417279738467187,attn,15,0.02088855896727182,direct_mean_label,1024,numbers
-0.008115618460578844,-0.009442257869523019,attn,16,-0.008771884226007387,direct_mean_label,1024,numbers
0.055694915194180794,0.05364340636879206,attn,17,0.054651768718031235,direct_mean_label,1024,numbers
-0.03556702967034653,-0.03815331938676536,attn,18,-0.036913554882630706,direct_mean_label,1024,numbers
-0.02466478279529838,-0.027783873432781547,attn,19,-0.026206136331893504,direct_mean_label,1024,numbers
0.016892166284378618,0.011607578198891133,attn,20,0.014306301978649572,direct_mean_label,1024,numbers
-0.0014073088532313704,-0.00851229636464268,attn,21,-0.004901914857327938,direct_mean_label,1024,numbers
0.11498935800045729,0.10765535058453679,attn,22,0.11145200906321406,direct_mean_label,1024,numbers
0.11983365402556956,0.10691318765748292,attn,23,0.11321569932624698,direct_mean_label,1024,numbers
0.2590959833469242,0.2376980227418244,attn,24,0.24831676413305104,direct_mean_label,1024,numbers
0.08435490008560009,0.07317543507087976,attn,25,0.07880865279003046,direct_mean_label,1024,numbers
0.33366099116392434,0.3139102444984019,attn,26,0.32379231485538185,direct_mean_label,1024,numbers
-0.2957075238227844,-0.3069574236869812,attn,27,-0.3010401725769043,direct_mean_label,1024,numbers
0.4574255794286728,0.4384778616949916,attn,28,0.44789307471364737,direct_mean_label,1024,numbers
0.11172718442685436,0.10108369798399508,attn,29,0.10652730734727811,direct_mean_label,1024,numbers
0.31890901923179626,0.29229027358815074,attn,30,0.305773833533749,direct_mean_label,1024,numbers
0.044939626968698576,0.027472342015244067,attn,31,0.03650956353521906,direct_mean_label,1024,numbers
0.5183256885502487,0.4825800699181855,attn,32,0.5005897569935769,direct_mean_label,1024,numbers
0.8436420632060617,0.7508473163470626,attn,33,0.7981885212939233,direct_mean_label,1024,numbers
3.1796985268592834,3.0984344482421875,attn,34,3.139179289340973,direct_mean_label,1024,numbers
4.771831512451172,4.684825897216797,attn,35,4.727664947509766,direct_mean_label,1024,numbers
0.019976630806922913,0.019359774887561798,mlp,0,0.01965963840484619,direct_mean_label,1024,numbers
0.009079866111278534,0.00880841538310051,mlp,1,0.008942067623138428,direct_mean_label,1024,numbers
0.005336829926818609,0.005143974907696247,mlp,2,0.005240791477262974,direct_mean_label,1024,numbers
0.032021135091781616,0.031047716736793518,mlp,3,0.031525835394859314,direct_mean_label,1024,numbers
0.03910247981548309,0.037912607192993164,mlp,4,0.03849005699157715,direct_mean_label,1024,numbers
0.039292216300964355,0.038090646266937256,mlp,5,0.03867962956428528,direct_mean_label,1024,numbers
-0.017228309350684867,-0.017900229217048036,mlp,6,-0.017556957309352583,direct_mean_label,1024,numbers
0.0245513878762722,0.02361595630645752,mlp,7,0.024068966507911682,direct_mean_label,1024,numbers
-0.02674516662955284,-0.027869846671819687,mlp,8,-0.027294285595417023,direct_mean_label,1024,numbers
-0.007069475948810577,-0.007935631278087385,mlp,9,-0.00751097324246075,direct_mean_label,1024,numbers
0.038631632924079895,0.03713070601224899,mlp,10,0.037867650389671326,direct_mean_label,1024,numbers
-0.04815584793686867,-0.04985231161117554,mlp,11,-0.048971567302942276,direct_mean_label,1024,numbers
-0.06783154606819153,-0.07005518674850464,mlp,12,-0.06893357634544373,direct_mean_label,1024,numbers
0.08037251234054565,0.07774493098258972,mlp,13,0.07900848984718323,direct_mean_label,1024,numbers
-0.15104961395263672,-0.1565265655517578,mlp,14,-0.1538149118423462,direct_mean_label,1024,numbers
-0.019111672416329384,-0.02038684797298629,mlp,15,-0.019742248063266743,direct_mean_label,1024,numbers
-0.02724884351482615,-0.02923594618914649,mlp,16,-0.028213624784257263,direct_mean_label,1024,numbers
0.007694048108533025,0.005375677297706716,mlp,17,0.006508357226266526,direct_mean_label,1024,numbers
0.022785081586334854,0.02084177389042452,mlp,18,0.021805260912515223,direct_mean_label,1024,numbers
0.1833857297897339,0.17682719230651855,mlp,19,0.1799532175064087,direct_mean_label,1024,numbers
-0.1373639889061451,-0.1439894437789917,mlp,20,-0.1406983844935894,direct_mean_label,1024,numbers
-0.23387521505355835,-0.24472340941429138,mlp,21,-0.23911255598068237,direct_mean_label,1024,numbers
0.09729047166183591,0.0888824428548105,mlp,22,0.09300797525793314,direct_mean_label,1024,numbers
0.3070107677485794,0.2843532196711749,mlp,23,0.29547178582288325,direct_mean_label,1024,numbers
0.3726373123936355,0.34957784600555897,mlp,24,0.36140348855406046,direct_mean_label,1024,numbers
0.3807930126786232,0.36504898965358734,mlp,25,0.37295694649219513,direct_mean_label,1024,numbers
-0.02658152987714857,-0.04248224903130904,mlp,26,-0.03453032311517745,direct_mean_label,1024,numbers
0.15738594578579068,0.12792265554890037,mlp,27,0.14248081715777516,direct_mean_label,1024,numbers
0.19439261892694049,0.1692996378405951,mlp,28,0.18182745095691644,direct_mean_label,1024,numbers
0.7432293547317386,0.6821097051724792,mlp,29,0.7129366379231215,direct_mean_label,1024,numbers
0.6503887800499797,0.5962470159865916,mlp,30,0.6231721071526408,direct_mean_label,1024,numbers
0.9192723035812378,0.8784763514995575,mlp,31,0.8988613188266754,direct_mean_label,1024,numbers
0.9456958472728729,0.8495140767190605,mlp,32,0.8955122681800276,direct_mean_label,1024,numbers
0.6149371024221182,0.5383270643651485,mlp,33,0.5762500851415098,direct_mean_label,1024,numbers
3.506778597831726,3.3900830298662186,mlp,34,3.4491610415279865,direct_mean_label,1024,numbers
4.5357042253017426,4.384932667016983,mlp,35,4.461870610713959,direct_mean_label,1024,numbers
-0.0017641335725784302,-0.0018543824553489685,attn,0,-0.0018086694180965424,direct_mean_label,1024,rare_letters
-0.00545058140414767,-0.005682295581209473,attn,1,-0.005563950937357731,direct_mean_label,1024,rare_letters
-0.010947166505502537,-0.011315832496620715,attn,2,-0.01113095905748196,direct_mean_label,1024,rare_letters
0.0051028668458457105,0.0047712037194287404,attn,3,0.004931182382279076,direct_mean_label,1024,rare_letters
0.005289725864713546,0.004871421508141793,attn,4,0.0050785529529093765,direct_mean_label,1024,rare_letters
0.0046344952279469,0.004331390649895184,attn,5,0.004475533009099308,direct_mean_label,1024,rare_letters
-0.000145286088809371,-0.0003663324750959873,attn,6,-0.0002550350036472082,direct_mean_label,1024,rare_letters
-0.01861020759679377,-0.019386171945370734,attn,7,-0.01899409992620349,direct_mean_label,1024,rare_letters
0.021787689038319513,0.020860160584561527,attn,8,0.021310299402102828,direct_mean_label,1024,rare_letters
0.023347915579506662,0.022543370563653298,attn,9,0.022930084574909415,direct_mean_label,1024,rare_letters
0.0014067244192119688,0.0011609717421379173,attn,10,0.001286655318835983,direct_mean_label,1024,rare_letters
0.03128224238753319,0.03019673004746437,attn,11,0.030731916427612305,direct_mean_label,1024,rare_letters
0.050517297349870205,0.04878255829680711,attn,12,0.0496224905946292,direct_mean_label,1024,rare_letters
0.05238081514835358,0.050773024559020996,attn,13,0.05154956877231598,direct_mean_label,1024,rare_letters
0.1192275881767273,0.11462754011154175,attn,14,0.11684310436248779,direct_mean_label,1024,rare_letters
0.03770701587200165,0.03640381246805191,attn,15,0.03705020993947983,direct_mean_label,1024,rare_letters
-0.009403665106219705,-0.010583471419522539,attn,16,-0.009998975197959226,direct_mean_label,1024,rare_letters
0.05796215357258916,0.055910649709403515,attn,17,0.0569324791431427,direct_mean_label,1024,rare_letters
0.054464135828311555,0.052259848911489826,attn,18,0.0533612560320762,direct_mean_label,1024,rare_letters
-0.04430857324041426,-0.047384791483636945,attn,19,-0.04586746770655736,direct_mean_label,1024,rare_letters
-0.021551517129410058,-0.026341150572989136,attn,20,-0.02394294715486467,direct_mean_label,1024,rare_letters
0.0655322594102472,0.05905563134001568,attn,21,0.0623324005282484,direct_mean_label,1024,rare_letters
0.0006739458185620606,-0.0043000275327358395,attn,22,-0.0017940985562745482,direct_mean_label,1024,rare_letters
0.044261044822633266,0.0306066470220685,attn,23,0.03739249613136053,direct_mean_label,1024,rare_letters
0.14543941197916865,0.1254638540558517,attn,24,0.13549785176292062,direct_mean_label,1024,rare_letters
-0.01138730022648815,-0.02627645106986165,attn,25,-0.018943406277685426,direct_mean_label,1024,rare_letters
0.3144202879630029,0.2938240636140108,attn,26,0.3038498959504068,direct_mean_label,1024,rare_letters
-0.02474075445206836,-0.032664580503478646,attn,27,-0.028707813762594014,direct_mean_label,1024,rare_letters
-0.0012490777298808098,-0.009710864862427115,attn,28,-0.00553214451065287,direct_mean_label,1024,rare_letters
2.2546360653359443,2.183864001184702,attn,29,2.217776516219601,direct_mean_label,1024,rare_letters
-0.18052649544551969,-0.19641346158459783,attn,30,-0.18858747044578195,direct_mean_label,1024,rare_letters
0.49544932739809155,0.46471763821318746,attn,31,0.4801478344015777,direct_mean_label,1024,rare_letters
0.2877663439139724,0.2694927165284753,attn,32,0.27851245645433664,direct_mean_label,1024,rare_letters
1.2403880059719086,1.1531310975551605,attn,33,1.1971151530742645,direct_mean_label,1024,rare_letters
3.558095932006836,3.4677085876464844,attn,34,3.5123462677001953,direct_mean_label,1024,rare_letters
1.9771727323532104,1.9133804440498352,attn,35,1.9456408619880676,direct_mean_label,1024,rare_letters
0.011146314442157745,0.010798156261444092,mlp,0,0.010967724025249481,direct_mean_label,1024,rare_letters
0.0025588925927877426,0.002467591315507889,mlp,1,0.0025124233216047287,direct_mean_label,1024,rare_letters
0.01829962432384491,0.017702333629131317,mlp,2,0.01799001544713974,direct_mean_label,1024,rare_letters
0.02413053810596466,0.0233277827501297,mlp,3,0.023722901940345764,direct_mean_label,1024,rare_letters
0.027114346623420715,0.026225388050079346,mlp,4,0.026653796434402466,direct_mean_label,1024,rare_letters
0.009930554464517627,0.009538419988530222,mlp,5,0.009734296458191238,direct_mean_label,1024,rare_letters
-0.017299155304499436,-0.018010791194683407,mlp,6,-0.017645876250753645,direct_mean_label,1024,rare_letters
0.005744646827224642,0.005456388607854024,mlp,7,0.00560100661823526,direct_mean_label,1024,rare_letters
-0.024922599899582565,-0.02589557261671871,mlp,8,-0.025389983085915446,direct_mean_label,1024,rare_letters
0.040064762491965666,0.038216552580706775,mlp,9,0.03911872932803817,direct_mean_label,1024,rare_letters
-0.047586508095264435,-0.04968157038092613,mlp,10,-0.048608943819999695,direct_mean_label,1024,rare_letters
-0.03715343156363815,-0.03851163003128022,mlp,11,-0.03780270768038463,direct_mean_label,1024,rare_letters
-0.03921335190534592,-0.04091813042759895,mlp,12,-0.040034279227256775,direct_mean_label,1024,rare_letters
-0.0242559015750885,-0.02516615390777588,mlp,13,-0.024705111980438232,direct_mean_label,1024,rare_letters
-0.07786065340042114,-0.08055710792541504,mlp,14,-0.07919567823410034,direct_mean_label,1024,rare_letters
0.025162763864500448,0.022988051816355437,mlp,15,0.024074452609056607,direct_mean_label,1024,rare_letters
0.012829698855057359,0.011614070310315583,mlp,16,0.01222127388609806,direct_mean_label,1024,rare_letters
-0.0901870233938098,-0.09357670729514211,mlp,17,-0.09183866938110441,direct_mean_label,1024,rare_letters
-0.06135279359295964,-0.06385587435215712,mlp,18,-0.06255821348167956,direct_mean_label,1024,rare_letters
0.1595952957868576,0.15267907828092575,mlp,19,0.1560458093881607,direct_mean_label,1024,rare_letters
-0.185193823534064,-0.19376783072948456,mlp,20,-0.18939004151616246,direct_mean_label,1024,rare_letters
-0.06660430389456451,-0.07236924464814365,mlp,21,-0.06943098665215075,direct_mean_label,1024,rare_letters
-0.04711935017257929,-0.05546664528083056,mlp,22,-0.051322691317182034,direct_mean_label,1024,rare_letters
-0.23222608817741275,-0.24675295688211918,mlp,23,-0.23960839910432696,direct_mean_label,1024,rare_letters
0.3404892310500145,0.3234312105923891,mlp,24,0.3318190108984709,direct_mean_label,1024,rare_letters
-0.0033110652584582567,-0.015481966664083302,mlp,25,-0.009326701809186488,direct_mean_label,1024,rare_letters
0.10715317295398563,0.09653073537629098,mlp,26,0.10160506644751877,direct_mean_label,1024,rare_letters
0.055487003293819726,0.043669577687978745,mlp,27,0.04958995908964425,direct_mean_label,1024,rare_letters
0.12103100010426715,0.10730838813469745,mlp,28,0.11444661894347519,direct_mean_label,1024,rare_letters
0.24434036808088422,0.2245426527224481,mlp,29,0.23427248606458306,direct_mean_label,1024,rare_letters
0.5381951378658414,0.5046819429844618,mlp,30,0.521204711869359,direct_mean_label,1024,rare_letters
0.33915245858952403,0.29731147158599924,mlp,31,0.31837478374654893,direct_mean_label,1024,rare_letters
1.3415899276733398,1.2813446521759033,mlp,32,1.3117032051086426,direct_mean_label,1024,rare_letters
1.2046885155141354,1.1532228589057922,mlp,33,1.1783420778810978,direct_mean_label,1024,rare_letters
4.50132942199707,4.430906295776367,mlp,34,4.466572284698486,direct_mean_label,1024,rare_letters
6.154629230499268,6.060763835906982,mlp,35,6.107138156890869,direct_mean_label,1024,rare_letters
-1.32084321975708,-1.5564899444580078,attn,0,-1.4374785423278809,incremental_correct_minus_best_incorrect,1024,letters
-0.4268150329589844,-0.5140228271484375,attn,1,-0.470703125,incremental_correct_minus_best_incorrect,1024,letters
-0.5883222967386246,-0.6884636431932449,attn,2,-0.6369393896311522,incremental_correct_minus_best_incorrect,1024,letters
-0.1361792255192995,-0.16190520115196705,attn,3,-0.14894231501966715,incremental_correct_minus_best_incorrect,1024,letters
-0.199188232421875,-0.23480224609375,attn,4,-0.2165374755859375,incremental_correct_minus_best_incorrect,1024,letters
-0.3007659912109375,-0.34610748291015625,attn,5,-0.3235321044921875,incremental_correct_minus_best_incorrect,1024,letters
-0.20839691162109375,-0.24361419677734375,attn,6,-0.22640228271484375,incremental_correct_minus_best_incorrect,1024,letters
-0.09878158569335938,-0.11463546752929688,attn,7,-0.1068878173828125,incremental_correct_minus_best_incorrect,1024,letters
-0.349822998046875,-0.4009552001953125,attn,8,-0.3757171630859375,incremental_correct_minus_best_incorrect,1024,letters
-0.23600006103515625,-0.27422332763671875,attn,9,-0.2548370361328125,incremental_correct_minus_best_incorrect,1024,letters
-0.28095245361328125,-0.329681396484375,attn,10,-0.30483245849609375,incremental_correct_minus_best_incorrect,1024,letters
-0.4747581481933594,-0.5571632385253906,attn,11,-0.5169486999511719,incremental_correct_minus_best_incorrect,1024,letters
-0.3190479278564453,-0.3792724609375,attn,12,-0.3497600555419922,incremental_correct_minus_best_incorrect,1024,letters
-0.4293227791786194,-0.5081501305103302,attn,13,-0.4671303629875183,incremental_correct_minus_best_incorrect,1024,letters
-0.2609119415283203,-0.30631136894226074,attn,14,-0.2835428714752197,incremental_correct_minus_best_incorrect,1024,letters
-0.4368358701467514,-0.5106977615505457,attn,15,-0.47347639687359333,incremental_correct_minus_best_incorrect,1024,letters
-0.4785756766796112,-0.5609477162361145,attn,16,-0.5197526216506958,incremental_correct_minus_best_incorrect,1024,letters
-0.324310302734375,-0.37844085693359375,attn,17,-0.3518104553222656,incremental_correct_minus_best_incorrect,1024,letters
-0.3721885681152344,-0.4353065490722656,attn,18,-0.40366363525390625,incremental_correct_minus_best_incorrect,1024,letters
-0.576627142727375,-0.6977768950164318,attn,19,-0.6374476216733456,incremental_correct_minus_best_incorrect,1024,letters
-0.3423652648925781,-0.4102597236633301,attn,20,-0.37672877311706543,incremental_correct_minus_best_incorrect,1024,letters
-0.4355030059814453,-0.5269961357116699,attn,21,-0.4809608459472656,incremental_correct_minus_best_incorrect,1024,letters
-0.8349467813968658,-0.9821309894323349,attn,22,-0.9055799543857574,incremental_correct_minus_best_incorrect,1024,letters
-0.35761773586273193,-0.4512253403663635,attn,23,-0.40461623668670654,incremental_correct_minus_best_incorrect,1024,letters
9.038208723068237,8.194443996995687,attn,24,8.618852149695158,incremental_correct_minus_best_incorrect,1024,letters
-1.6074952483177185,-1.697172336280346,attn,25,-1.652159795165062,incremental_correct_minus_best_incorrect,1024,letters
0.33447837829589844,0.24483013153076172,attn,26,0.2894282341003418,incremental_correct_minus_best_incorrect,1024,letters
0.2569713592529297,0.19744110107421875,attn,27,0.22660112380981445,incremental_correct_minus_best_incorrect,1024,letters
-0.73406982421875,-0.861083984375,attn,28,-0.79913330078125,incremental_correct_minus_best_incorrect,1024,letters
4.839019775390625,4.033966064453125,attn,29,4.450347900390625,incremental_correct_minus_best_incorrect,1024,letters
-0.763946533203125,-0.8319244384765625,attn,30,-0.80010986328125,incremental_correct_minus_best_incorrect,1024,letters
-0.30694580078125,-0.332763671875,attn,31,-0.319732666015625,incremental_correct_minus_best_incorrect,1024,letters
0.26544952392578125,0.1327362060546875,attn,32,0.198699951171875,incremental_correct_minus_best_incorrect,1024,letters
0.24442291259765625,0.1653900146484375,attn,33,0.2042083740234375,incremental_correct_minus_best_incorrect,1024,letters
-1.006072998046875,-1.154998779296875,attn,34,-1.084075927734375,incremental_correct_minus_best_incorrect,1024,letters
-0.68878173828125,-0.81243896484375,attn,35,-0.75091552734375,incremental_correct_minus_best_incorrect,1024,letters
-0.686643123626709,-0.7789196968078613,mlp,0,-0.7326359748840332,incremental_correct_minus_best_incorrect,1024,letters
-0.4584083557128906,-0.5263595581054688,mlp,1,-0.4922981262207031,incremental_correct_minus_best_incorrect,1024,letters
-0.3842223631218076,-0.4655853183940053,mlp,2,-0.4251666655763984,incremental_correct_minus_best_incorrect,1024,letters
-0.08304595947265625,-0.09844017028808594,mlp,3,-0.09055519104003906,incremental_correct_minus_best_incorrect,1024,letters
-0.2555999755859375,-0.29286956787109375,mlp,4,-0.27422332763671875,incremental_correct_minus_best_incorrect,1024,letters
-0.3447418212890625,-0.40966796875,mlp,5,-0.3772125244140625,incremental_correct_minus_best_incorrect,1024,letters
-0.47301483154296875,-0.572662353515625,mlp,6,-0.5224952697753906,incremental_correct_minus_best_incorrect,1024,letters
-0.1568756103515625,-0.18198394775390625,mlp,7,-0.16930389404296875,incremental_correct_minus_best_incorrect,1024,letters
-0.3269195556640625,-0.3859100341796875,mlp,8,-0.35668182373046875,incremental_correct_minus_best_incorrect,1024,letters
-0.22206878662109375,-0.2593536376953125,mlp,9,-0.2410736083984375,incremental_correct_minus_best_incorrect,1024,letters
-0.3913078308105469,-0.4503440856933594,mlp,10,-0.4212913513183594,incremental_correct_minus_best_incorrect,1024,letters
-0.17483806610107422,-0.20694541931152344,mlp,11,-0.19080257415771484,incremental_correct_minus_best_incorrect,1024,letters
-0.9972220063209534,-1.1964325904846191,mlp,12,-1.0987077057361603,incremental_correct_minus_best_incorrect,1024,letters
-0.42528530955314636,-0.509730875492096,mlp,13,-0.4688132405281067,incremental_correct_minus_best_incorrect,1024,letters
-0.6700162291526794,-0.811426430940628,mlp,14,-0.7416478991508484,incremental_correct_minus_best_incorrect,1024,letters
-0.4639516919851303,-0.5448269098997116,mlp,15,-0.5041117295622826,incremental_correct_minus_best_incorrect,1024,letters
-0.46017491817474365,-0.5325904488563538,mlp,16,-0.497583270072937,incremental_correct_minus_best_incorrect,1024,letters
-0.3309745788574219,-0.3851470947265625,mlp,17,-0.35750389099121094,incremental_correct_minus_best_incorrect,1024,letters
-0.8465700633823872,-1.0118515715003014,mlp,18,-0.9285786636173725,incremental_correct_minus_best_incorrect,1024,letters
-0.6999482214450836,-0.8289887458086014,mlp,19,-0.7658784464001656,incremental_correct_minus_best_incorrect,1024,letters
-0.6209238767623901,-0.7396724224090576,mlp,20,-0.6812969148159027,incremental_correct_minus_best_incorrect,1024,letters
-0.5558083429932594,-0.664728507399559,mlp,21,-0.6099098287522793,incremental_correct_minus_best_incorrect,1024,letters
-0.5179232507944107,-0.6102019920945168,mlp,22,-0.5658855363726616,incremental_correct_minus_best_incorrect,1024,letters
-0.7202345877885818,-0.8465746492147446,mlp,23,-0.7835293710231781,incremental_correct_minus_best_incorrect,1024,letters
-2.03794255387038,-2.2454509492963552,mlp,24,-2.140635128132999,incremental_correct_minus_best_incorrect,1024,letters
-1.1466250121593475,-1.2520636916160583,mlp,25,-1.2010273039340973,incremental_correct_minus_best_incorrect,1024,letters
-1.1953415274620056,-1.2863463759422302,mlp,26,-1.2420029044151306,incremental_correct_minus_best_incorrect,1024,letters
-1.0121092796325684,-1.0853796005249023,mlp,27,-1.0481047630310059,incremental_correct_minus_best_incorrect,1024,letters
-1.3445663452148438,-1.4613418579101562,mlp,28,-1.4047470092773438,incremental_correct_minus_best_incorrect,1024,letters
-1.3088836669921875,-1.4814453125,mlp,29,-1.3951568603515625,incremental_correct_minus_best_incorrect,1024,letters
-1.56292724609375,-1.6991729736328125,mlp,30,-1.634796142578125,incremental_correct_minus_best_incorrect,1024,letters
3.5186767578125,2.97119140625,mlp,31,3.243621826171875,incremental_correct_minus_best_incorrect,1024,letters
-0.944000244140625,-1.1829643249511719,mlp,32,-1.0655555725097656,incremental_correct_minus_best_incorrect,1024,letters
-1.4900665283203125,-1.868194580078125,mlp,33,-1.6761322021484375,incremental_correct_minus_best_incorrect,1024,letters
-3.95013427734375,-4.16937255859375,mlp,34,-4.06597900390625,incremental_correct_minus_best_incorrect,1024,letters
3.26019287109375,2.75738525390625,mlp,35,3.0023193359375,incremental_correct_minus_best_incorrect,1024,letters
-1.1718673706054688,-1.339874267578125,attn,0,-1.25421142578125,incremental_correct_minus_best_incorrect,1024,numbers
-0.5929794311523438,-0.6703567504882812,attn,1,-0.6305770874023438,incremental_correct_minus_best_incorrect,1024,numbers
-0.3839263916015625,-0.446624755859375,attn,2,-0.416015625,incremental_correct_minus_best_incorrect,1024,numbers
-0.4232635498046875,-0.48693084716796875,attn,3,-0.45560455322265625,incremental_correct_minus_best_incorrect,1024,numbers
-0.1576080322265625,-0.1818084716796875,attn,4,-0.16937255859375,incremental_correct_minus_best_incorrect,1024,numbers
-0.118408203125,-0.140380859375,attn,5,-0.129425048828125,incremental_correct_minus_best_incorrect,1024,numbers
-0.08234405517578125,-0.09749603271484375,attn,6,-0.08983612060546875,incremental_correct_minus_best_incorrect,1024,numbers
-0.07912826538085938,-0.09152984619140625,attn,7,-0.08536529541015625,incremental_correct_minus_best_incorrect,1024,numbers
-0.1191253662109375,-0.138427734375,attn,8,-0.12885284423828125,incremental_correct_minus_best_incorrect,1024,numbers
-0.12332916259765625,-0.1453399658203125,attn,9,-0.13449859619140625,incremental_correct_minus_best_incorrect,1024,numbers
-0.11792755126953125,-0.142120361328125,attn,10,-0.13006591796875,incremental_correct_minus_best_incorrect,1024,numbers
-0.3187103271484375,-0.3689117431640625,attn,11,-0.3446807861328125,incremental_correct_minus_best_incorrect,1024,numbers
-0.25373077392578125,-0.2891693115234375,attn,12,-0.271942138671875,incremental_correct_minus_best_incorrect,1024,numbers
-0.21463102102279663,-0.2543811798095703,attn,13,-0.23445314168930054,incremental_correct_minus_best_incorrect,1024,numbers
-0.32326507568359375,-0.36867523193359375,attn,14,-0.34649658203125,incremental_correct_minus_best_incorrect,1024,numbers
-0.10610198974609375,-0.12560272216796875,attn,15,-0.11631011962890625,incremental_correct_minus_best_incorrect,1024,numbers
-0.45467185974121094,-0.5373859405517578,attn,16,-0.49730873107910156,incremental_correct_minus_best_incorrect,1024,numbers
-0.3098888397216797,-0.36374664306640625,attn,17,-0.33710289001464844,incremental_correct_minus_best_incorrect,1024,numbers
-0.29808807373046875,-0.3519096374511719,attn,18,-0.3249320983886719,incremental_correct_minus_best_incorrect,1024,numbers
-0.24377822875976562,-0.2875492572784424,attn,19,-0.2658729553222656,incremental_correct_minus_best_incorrect,1024,numbers
-0.1510772705078125,-0.18408203125,attn,20,-0.16712188720703125,incremental_correct_minus_best_incorrect,1024,numbers
-0.317868173122406,-0.37297433614730835,attn,21,-0.34571343660354614,incremental_correct_minus_best_incorrect,1024,numbers
-0.2586018810980022,-0.3049825569614768,attn,22,-0.2821604679338634,incremental_correct_minus_best_incorrect,1024,numbers
-0.24537793919444084,-0.3568134196102619,attn,23,-0.300546046346426,incremental_correct_minus_best_incorrect,1024,numbers
2.4110546112060547,2.187383532524109,attn,24,2.29964542388916,incremental_correct_minus_best_incorrect,1024,numbers
-0.6735689491033554,-0.7228544354438782,attn,25,-0.6989370733499527,incremental_correct_minus_best_incorrect,1024,numbers
-0.092529296875,-0.1291351318359375,attn,26,-0.11096763610839844,incremental_correct_minus_best_incorrect,1024,numbers
-0.12098550796508789,-0.13891863822937012,attn,27,-0.13002705574035645,incremental_correct_minus_best_incorrect,1024,numbers
-0.06143808364868164,-0.12558817863464355,attn,28,-0.09473815560340881,incremental_correct_minus_best_incorrect,1024,numbers
0.3207731246948242,0.23211193084716797,attn,29,0.2777223587036133,incremental_correct_minus_best_incorrect,1024,numbers
1.2096900939941406,1.0350341796875,attn,30,1.1248302459716797,incremental_correct_minus_best_incorrect,1024,numbers
-0.030279159545898438,-0.0962148904800415,attn,31,-0.06341087818145752,incremental_correct_minus_best_incorrect,1024,numbers
1.229135513305664,0.9411711692810059,attn,32,1.0901830196380615,incremental_correct_minus_best_incorrect,1024,numbers
-0.056691884994506836,-0.08970022201538086,attn,33,-0.07312130928039551,incremental_correct_minus_best_incorrect,1024,numbers
-1.1694412231445312,-1.3078155517578125,attn,34,-1.2402286529541016,incremental_correct_minus_best_incorrect,1024,numbers
-1.126922607421875,-1.2185821533203125,attn,35,-1.1722640991210938,incremental_correct_minus_best_incorrect,1024,numbers
-0.17974853515625,-0.2086029052734375,mlp,0,-0.19405364990234375,incremental_correct_minus_best_incorrect,1024,numbers
-0.1657562255859375,-0.19579315185546875,mlp,1,-0.180999755859375,incremental_correct_minus_best_incorrect,1024,numbers
-0.19049072265625,-0.2166595458984375,mlp,2,-0.20369720458984375,incremental_correct_minus_best_incorrect,1024,numbers
-0.25634002685546875,-0.30136871337890625,mlp,3,-0.27890777587890625,incremental_correct_minus_best_incorrect,1024,numbers
-0.3758544921875,-0.4267120361328125,mlp,4,-0.401611328125,incremental_correct_minus_best_incorrect,1024,numbers
-0.126953125,-0.1515655517578125,mlp,5,-0.1395263671875,incremental_correct_minus_best_incorrect,1024,numbers
-0.22684478759765625,-0.265533447265625,mlp,6,-0.2467041015625,incremental_correct_minus_best_incorrect,1024,numbers
-0.30199432373046875,-0.35693359375,mlp,7,-0.32894134521484375,incremental_correct_minus_best_incorrect,1024,numbers
-0.075408935546875,-0.0895538330078125,mlp,8,-0.08245849609375,incremental_correct_minus_best_incorrect,1024,numbers
-0.30094146728515625,-0.35198974609375,mlp,9,-0.32553863525390625,incremental_correct_minus_best_incorrect,1024,numbers
-0.08330535888671875,-0.09783935546875,mlp,10,-0.090545654296875,incremental_correct_minus_best_incorrect,1024,numbers
-0.423919677734375,-0.4982452392578125,mlp,11,-0.4613800048828125,incremental_correct_minus_best_incorrect,1024,numbers
-0.43930721282958984,-0.5080628395080566,mlp,12,-0.47296595573425293,incremental_correct_minus_best_incorrect,1024,numbers
-0.30631929636001587,-0.3614111542701721,mlp,13,-0.3338318467140198,incremental_correct_minus_best_incorrect,1024,numbers
-0.4448089599609375,-0.5271530151367188,mlp,14,-0.4867057800292969,incremental_correct_minus_best_incorrect,1024,numbers
-0.2505645751953125,-0.2901458740234375,mlp,15,-0.2705726623535156,incremental_correct_minus_best_incorrect,1024,numbers
-0.4300365447998047,-0.5069789886474609,mlp,16,-0.4680671691894531,incremental_correct_minus_best_incorrect,1024,numbers
-0.431732177734375,-0.4908790588378906,mlp,17,-0.4609050750732422,incremental_correct_minus_best_incorrect,1024,numbers
-0.4067230224609375,-0.4821968078613281,mlp,18,-0.44283294677734375,incremental_correct_minus_best_incorrect,1024,numbers
-0.25809788703918457,-0.2977737784385681,mlp,19,-0.27848273515701294,incremental_correct_minus_best_incorrect,1024,numbers
-0.29057586193084717,-0.34657883644104004,mlp,20,-0.319278359413147,incremental_correct_minus_best_incorrect,1024,numbers
-0.30206164019182324,-0.35729183023795485,mlp,21,-0.32942686742171645,incremental_correct_minus_best_incorrect,1024,numbers
-0.44219569861888885,-0.5481822995934635,mlp,22,-0.4966799832182005,incremental_correct_minus_best_incorrect,1024,numbers
-0.5294310301542282,-0.6199164241552353,mlp,23,-0.5736896246671677,incremental_correct_minus_best_incorrect,1024,numbers
0.21654200553894043,0.1058957576751709,mlp,24,0.15980195999145508,incremental_correct_minus_best_incorrect,1024,numbers
0.07129025459289551,0.015950024127960205,mlp,25,0.04345381259918213,incremental_correct_minus_best_incorrect,1024,numbers
-0.25080108642578125,-0.28867530822753906,mlp,26,-0.2693290710449219,incremental_correct_minus_best_incorrect,1024,numbers
0.3040192723274231,0.19691357016563416,mlp,27,0.24880626797676086,incremental_correct_minus_best_incorrect,1024,numbers
0.8879514932632446,0.6169787645339966,mlp,28,0.7509998679161072,incremental_correct_minus_best_incorrect,1024,numbers
-0.43693554401397705,-0.5031858682632446,mlp,29,-0.471818208694458,incremental_correct_minus_best_incorrect,1024,numbers
-0.140869140625,-0.36670398712158203,mlp,30,-0.25507164001464844,incremental_correct_minus_best_incorrect,1024,numbers
0.09206581115722656,-0.032466888427734375,mlp,31,0.031969308853149414,incremental_correct_minus_best_incorrect,1024,numbers
0.003954887390136719,-0.17303466796875,mlp,32,-0.08625340461730957,incremental_correct_minus_best_incorrect,1024,numbers
-1.498392105102539,-1.6875734329223633,mlp,33,-1.594504475593567,incremental_correct_minus_best_incorrect,1024,numbers
-0.24482345581054688,-0.3334159851074219,mlp,34,-0.2890758514404297,incremental_correct_minus_best_incorrect,1024,numbers
4.11737060546875,3.422943115234375,mlp,35,3.75885009765625,incremental_correct_minus_best_incorrect,1024,numbers
-2.9379825592041016,-3.378763198852539,attn,0,-3.1509532928466797,incremental_correct_minus_best_incorrect,1024,rare_letters
-0.5871655941009521,-0.6853940486907959,attn,1,-0.6358087062835693,incremental_correct_minus_best_incorrect,1024,rare_letters
-0.3585037291049957,-0.42313098907470703,attn,2,-0.39011935889720917,incremental_correct_minus_best_incorrect,1024,rare_letters
-0.25956153869628906,-0.3034801483154297,attn,3,-0.2814292907714844,incremental_correct_minus_best_incorrect,1024,rare_letters
-0.534877821803093,-0.6410025358200073,attn,4,-0.5887596700340509,incremental_correct_minus_best_incorrect,1024,rare_letters
-0.1895284652709961,-0.2237234115600586,attn,5,-0.2069559097290039,incremental_correct_minus_best_incorrect,1024,rare_letters
-0.350921630859375,-0.4002647399902344,attn,6,-0.3758430480957031,incremental_correct_minus_best_incorrect,1024,rare_letters
-0.28693491220474243,-0.3358495235443115,attn,7,-0.3120431900024414,incremental_correct_minus_best_incorrect,1024,rare_letters
-0.34948083758354187,-0.4024871587753296,attn,8,-0.37569811940193176,incremental_correct_minus_best_incorrect,1024,rare_letters
-0.2865562532097101,-0.3380148485302925,attn,9,-0.3122881408780813,incremental_correct_minus_best_incorrect,1024,rare_letters
-0.2623862102627754,-0.30840637907385826,attn,10,-0.28475819155573845,incremental_correct_minus_best_incorrect,1024,rare_letters
-0.45113202556967735,-0.5216918848454952,attn,11,-0.48614899441599846,incremental_correct_minus_best_incorrect,1024,rare_letters
-0.4132111817598343,-0.49091801419854164,attn,12,-0.45111700519919395,incremental_correct_minus_best_incorrect,1024,rare_letters
-0.38472695648670197,-0.45142169296741486,attn,13,-0.4189801812171936,incremental_correct_minus_best_incorrect,1024,rare_letters
-0.6368587017059326,-0.7351021766662598,attn,14,-0.6872512698173523,incremental_correct_minus_best_incorrect,1024,rare_letters
-0.4122350811958313,-0.49729347229003906,attn,15,-0.4549001455307007,incremental_correct_minus_best_incorrect,1024,rare_letters
-0.6103610992431641,-0.7092494964599609,attn,16,-0.6602926254272461,incremental_correct_minus_best_incorrect,1024,rare_letters
-0.48811717331409454,-0.5789117738604546,attn,17,-0.533442348241806,incremental_correct_minus_best_incorrect,1024,rare_letters
-0.8834464251995087,-1.0598312690854073,attn,18,-0.9717099443078041,incremental_correct_minus_best_incorrect,1024,rare_letters
-0.45051319897174835,-0.5343046635389328,attn,19,-0.49185171723365784,incremental_correct_minus_best_incorrect,1024,rare_letters
-0.39992985874414444,-0.47098566591739655,attn,20,-0.43543270975351334,incremental_correct_minus_best_incorrect,1024,rare_letters
-0.7717449953779578,-0.9264926705509424,attn,21,-0.8521446781232953,incremental_correct_minus_best_incorrect,1024,rare_letters
-0.2897642955649644,-0.3435295202070847,attn,22,-0.31614093261305243,incremental_correct_minus_best_incorrect,1024,rare_letters
-0.34519757330417633,-0.4410631926730275,attn,23,-0.3926657708361745,incremental_correct_minus_best_incorrect,1024,rare_letters
2.7433838304132223,2.256212765350938,attn,24,2.5002956353127956,incremental_correct_minus_best_incorrect,1024,rare_letters
-0.9592497861012816,-1.0606189034879208,attn,25,-1.0110964211635292,incremental_correct_minus_best_incorrect,1024,rare_letters
0.08288589678704739,0.034933751448988914,attn,26,0.05832645855844021,incremental_correct_minus_best_incorrect,1024,rare_letters
-0.11928719282150269,-0.18427346646785736,attn,27,-0.15221638977527618,incremental_correct_minus_best_incorrect,1024,rare_letters
-0.3555133957415819,-0.45154909044504166,attn,28,-0.40220594964921474,incremental_correct_minus_best_incorrect,1024,rare_letters
6.968693226575851,6.215763717889786,attn,29,6.597149014472961,incremental_correct_minus_best_incorrect,1024,rare_letters
-0.20403778553009033,-0.27859556674957275,attn,30,-0.2406677007675171,incremental_correct_minus_best_incorrect,1024,rare_letters
0.8415117263793945,0.5821285247802734,attn,31,0.7126686573028564,incremental_correct_minus_best_incorrect,1024,rare_letters
1.0104198455810547,0.8517160415649414,attn,32,0.9297189712524414,incremental_correct_minus_best_incorrect,1024,rare_letters
0.3694477081298828,0.28748130798339844,attn,33,0.3283958435058594,incremental_correct_minus_best_incorrect,1024,rare_letters
0.04218292236328125,-0.2196807861328125,attn,34,-0.09102630615234375,incremental_correct_minus_best_incorrect,1024,rare_letters
-0.143035888671875,-0.24462890625,attn,35,-0.193145751953125,incremental_correct_minus_best_incorrect,1024,rare_letters
-0.6462199687957764,-0.7501125335693359,mlp,0,-0.6976848840713501,incremental_correct_minus_best_incorrect,1024,rare_letters
-0.33162689208984375,-0.3833198547363281,mlp,1,-0.3577003479003906,incremental_correct_minus_best_incorrect,1024,rare_letters
-0.4176044464111328,-0.47233957052230835,mlp,2,-0.4455082565546036,incremental_correct_minus_best_incorrect,1024,rare_letters
-0.1967962123453617,-0.23185445368289948,mlp,3,-0.21388454176485538,incremental_correct_minus_best_incorrect,1024,rare_letters
-0.5252006351947784,-0.6227212846279144,mlp,4,-0.5745873153209686,incremental_correct_minus_best_incorrect,1024,rare_letters
-0.39911460876464844,-0.4628143310546875,mlp,5,-0.431732177734375,incremental_correct_minus_best_incorrect,1024,rare_letters
-0.6674461364746094,-0.7667694091796875,mlp,6,-0.7180366516113281,incremental_correct_minus_best_incorrect,1024,rare_letters
-0.36505842208862305,-0.4221678376197815,mlp,7,-0.39397504925727844,incremental_correct_minus_best_incorrect,1024,rare_letters
-0.5233808308839798,-0.6158379279077053,mlp,8,-0.5693246982991695,incremental_correct_minus_best_incorrect,1024,rare_letters
-0.9312916100025177,-1.0907143354415894,mlp,9,-1.0123157799243927,incremental_correct_minus_best_incorrect,1024,rare_letters
-0.46065668761730194,-0.5399930160492659,mlp,10,-0.500507865101099,incremental_correct_minus_best_incorrect,1024,rare_letters
-0.6476633716374636,-0.7503864672034979,mlp,11,-0.7013480197638273,incremental_correct_minus_best_incorrect,1024,rare_letters
-1.0463781356811523,-1.1985740661621094,mlp,12,-1.1233946681022644,incremental_correct_minus_best_incorrect,1024,rare_letters
-1.5297518819570541,-1.8587785512208939,mlp,13,-1.69709113240242,incremental_correct_minus_best_incorrect,1024,rare_letters
-0.45932072401046753,-0.5295920372009277,mlp,14,-0.4945076107978821,incremental_correct_minus_best_incorrect,1024,rare_letters
-0.8310565948486328,-0.9699611663818359,mlp,15,-0.9016380310058594,incremental_correct_minus_best_incorrect,1024,rare_letters
-1.157438401132822,-1.3441379107534885,mlp,16,-1.2516826279461384,incremental_correct_minus_best_incorrect,1024,rare_letters
-0.5002226755023003,-0.575130932033062,mlp,17,-0.5391054674983025,incremental_correct_minus_best_incorrect,1024,rare_letters
-0.9702005535364151,-1.1437370032072067,mlp,18,-1.05955820530653,incremental_correct_minus_best_incorrect,1024,rare_letters
-0.3979157954454422,-0.4677358865737915,mlp,19,-0.4333711117506027,incremental_correct_minus_best_incorrect,1024,rare_letters
-0.35755222756415606,-0.4209762904793024,mlp,20,-0.38952354807406664,incremental_correct_minus_best_incorrect,1024,rare_letters
-1.3831604234874249,-1.631244594231248,mlp,21,-1.506035658530891,incremental_correct_minus_best_incorrect,1024,rare_letters
-0.5708116441965103,-0.6695410832762718,mlp,22,-0.6188622303307056,incremental_correct_minus_best_incorrect,1024,rare_letters
-0.6537329144775867,-0.7555116452276707,mlp,23,-0.7043343968689442,incremental_correct_minus_best_incorrect,1024,rare_letters
-0.5695191621780396,-0.6444990746676922,mlp,24,-0.6075816433876753,incremental_correct_minus_best_incorrect,1024,rare_letters
-0.821644660551101,-0.9355829358100891,mlp,25,-0.8785218563862145,incremental_correct_minus_best_incorrect,1024,rare_letters
-0.6003062874078751,-0.6671375334262848,mlp,26,-0.6344227716326714,incremental_correct_minus_best_incorrect,1024,rare_letters
-0.706270020455122,-0.7981785871088505,mlp,27,-0.752687537111342,incremental_correct_minus_best_incorrect,1024,rare_letters
-0.7787111550569534,-0.8431879989802837,mlp,28,-0.8119095303118229,incremental_correct_minus_best_incorrect,1024,rare_letters
-1.0540294460952282,-1.1251166369765997,mlp,29,-1.0904379393905401,incremental_correct_minus_best_incorrect,1024,rare_letters
-0.6293823719024658,-0.8231902122497559,mlp,30,-0.7242802381515503,incremental_correct_minus_best_incorrect,1024,rare_letters
-0.5751751661300659,-0.8041865527629852,mlp,31,-0.6896522343158722,incremental_correct_minus_best_incorrect,1024,rare_letters
-0.6989920139312744,-0.8645473420619965,mlp,32,-0.7826282978057861,incremental_correct_minus_best_incorrect,1024,rare_letters
-0.26818084716796875,-0.44368743896484375,mlp,33,-0.35729217529296875,incremental_correct_minus_best_incorrect,1024,rare_letters
-3.120269775390625,-3.3317108154296875,mlp,34,-3.225616455078125,incremental_correct_minus_best_incorrect,1024,rare_letters
3.2615966796875,2.61859130859375,mlp,35,2.92803955078125,incremental_correct_minus_best_incorrect,1024,rare_letters
-0.6676530838012695,-0.6776840686798096,attn,0,-0.6726464033126831,incremental_mean_label,1024,letters
-0.41038036346435547,-0.4215507507324219,attn,1,-0.4160289764404297,incremental_mean_label,1024,letters
-1.1918625652324408,-1.2066790226381272,attn,2,-1.1992357557173818,incremental_mean_label,1024,letters
0.5829895695205778,0.5623228624463081,attn,3,0.5725720354821533,incremental_mean_label,1024,letters
-0.08222389221191406,-0.09877777099609375,attn,4,-0.09041404724121094,incremental_mean_label,1024,letters
0.06864166259765625,0.06323814392089844,attn,5,0.06590080261230469,incremental_mean_label,1024,letters
-0.5811824798583984,-0.5873966217041016,attn,6,-0.5843791961669922,incremental_mean_label,1024,letters
-0.21728229522705078,-0.22225666046142578,attn,7,-0.21977519989013672,incremental_mean_label,1024,letters
1.1900405883789062,1.171234130859375,attn,8,1.1803512573242188,incremental_mean_label,1024,letters
0.04743003845214844,0.036907196044921875,attn,9,0.042205810546875,incremental_mean_label,1024,letters
-0.33939361572265625,-0.3507041931152344,attn,10,-0.3448638916015625,incremental_mean_label,1024,letters
0.023589134216308594,0.01151275634765625,attn,11,0.017395973205566406,incremental_mean_label,1024,letters
0.6326007843017578,0.6241636276245117,attn,12,0.6283221244812012,incremental_mean_label,1024,letters
0.243942491710186,0.2372404239140451,attn,13,0.24057791754603386,incremental_mean_label,1024,letters
1.8217651844024658,1.7936894297599792,attn,14,1.8075010776519775,incremental_mean_label,1024,letters
0.5954695264808834,0.5860056760720909,attn,15,0.5907079945318401,incremental_mean_label,1024,letters
-0.8427025564014912,-0.8640804477035999,attn,16,-0.8537492789328098,incremental_mean_label,1024,letters
0.8318681716918945,0.8152809143066406,attn,17,0.8233375549316406,incremental_mean_label,1024,letters
-0.1565876007080078,-0.1958465576171875,attn,18,-0.17636871337890625,incremental_mean_label,1024,letters
0.24836734496057034,0.2249308107420802,attn,19,0.23708620574325323,incremental_mean_label,1024,letters
0.28186798095703125,0.23020613193511963,attn,20,0.2553648352622986,incremental_mean_label,1024,letters
0.42364340275526047,0.38068684935569763,attn,21,0.4025559388101101,incremental_mean_label,1024,letters
-0.16924820467829704,-0.21321460977196693,attn,22,-0.1906419638544321,incremental_mean_label,1024,letters
0.5935498923063278,0.5103560388088226,attn,23,0.550878643989563,incremental_mean_label,1024,letters
0.5636911750771105,0.4840991934761405,attn,24,0.5248757547233254,incremental_mean_label,1024,letters
-0.3424267414957285,-0.38514125999063253,attn,25,-0.3636318827047944,incremental_mean_label,1024,letters
0.6436869651079178,0.6008228901773691,attn,26,0.6224680971354246,incremental_mean_label,1024,letters
-0.28121209144592285,-0.31580686569213867,attn,27,-0.29848694801330566,incremental_mean_label,1024,letters
0.5674324035644531,0.5216484069824219,attn,28,0.5449657440185547,incremental_mean_label,1024,letters
3.8476181030273438,3.741058349609375,attn,29,3.7938613891601562,incremental_mean_label,1024,letters
-1.2614479064941406,-1.295623779296875,attn,30,-1.2786712646484375,incremental_mean_label,1024,letters
-0.38660430908203125,-0.40126800537109375,attn,31,-0.3941192626953125,incremental_mean_label,1024,letters
0.05429649353027344,0.01531219482421875,attn,32,0.03479576110839844,incremental_mean_label,1024,letters
1.5341711044311523,1.4426355361938477,attn,33,1.4886579513549805,incremental_mean_label,1024,letters
1.438995361328125,1.3404541015625,attn,34,1.3879623413085938,incremental_mean_label,1024,letters
-0.2107391357421875,-0.2754364013671875,attn,35,-0.2442169189453125,incremental_mean_label,1024,letters
0.4250837564468384,0.41599011421203613,mlp,0,0.4204815626144409,incremental_mean_label,1024,letters
-0.41531944274902344,-0.4207124710083008,mlp,1,-0.41805553436279297,incremental_mean_label,1024,letters
0.5975148980505764,0.5914064007811248,mlp,2,0.5945204978343099,incremental_mean_label,1024,letters
1.1557235717773438,1.149552822113037,mlp,3,1.1527667045593262,incremental_mean_label,1024,letters
0.5684394836425781,0.5616531372070312,mlp,4,0.5651073455810547,incremental_mean_label,1024,letters
0.32582664489746094,0.31717681884765625,mlp,5,0.3215827941894531,incremental_mean_label,1024,letters
-1.0999279022216797,-1.1089401245117188,mlp,6,-1.1045293807983398,incremental_mean_label,1024,letters
0.7461757659912109,0.738490104675293,mlp,7,0.7422857284545898,incremental_mean_label,1024,letters
-1.1645011901855469,-1.1799888610839844,mlp,8,-1.1720352172851562,incremental_mean_label,1024,letters
0.5230827331542969,0.4939613342285156,mlp,9,0.5085258483886719,incremental_mean_label,1024,letters
-0.6868314743041992,-0.7061929702758789,mlp,10,-0.6967344284057617,incremental_mean_label,1024,letters
-0.5191135406494141,-0.5308256149291992,mlp,11,-0.5249555110931396,incremental_mean_label,1024,letters
-0.8387200054712594,-0.8518037023022771,mlp,12,-0.8452887111343443,incremental_mean_label,1024,letters
-1.1284105689264834,-1.1484381165355444,mlp,13,-1.1382461991161108,incremental_mean_label,1024,letters
-1.13206890784204,-1.1476744581013918,mlp,14,-1.1398645117878914,incremental_mean_label,1024,letters
1.0815953016281128,1.0574797429144382,mlp,15,1.0691215470433235,incremental_mean_label,1024,letters
1.4619336649775505,1.447512909770012,mlp,16,1.4545316733419895,incremental_mean_label,1024,letters
-0.5227994918823242,-0.538475513458252,mlp,17,-0.530519962310791,incremental_mean_label,1024,letters
-1.790143396705389,-1.8024204401299357,mlp,18,-1.7962231216952205,incremental_mean_label,1024,letters
1.7470908183604479,1.7136268373578787,mlp,19,1.7302142959088087,incremental_mean_label,1024,letters
-1.094270184636116,-1.1372312232851982,mlp,20,-1.1157576069235802,incremental_mean_label,1024,letters
-0.603805129416287,-0.6360941790044308,mlp,21,-0.6201854599639773,incremental_mean_label,1024,letters
0.31218738853931427,0.24528835527598858,mlp,22,0.27884224615991116,incremental_mean_label,1024,letters
-0.7080809324979782,-0.8107869997620583,mlp,23,-0.7582169398665428,incremental_mean_label,1024,letters
1.555065495427698,1.4872102106455714,mlp,24,1.5210268765222281,incremental_mean_label,1024,letters
1.5807821918278933,1.5282971747219563,mlp,25,1.554673720151186,incremental_mean_label,1024,letters
1.0476249679923058,0.9952686578035355,mlp,26,1.0213452354073524,incremental_mean_label,1024,letters
2.560671806335449,2.509972333908081,mlp,27,2.53526771068573,incremental_mean_label,1024,letters
1.1143684387207031,1.0420913696289062,mlp,28,1.0776386260986328,incremental_mean_label,1024,letters
-0.56036376953125,-0.6119155883789062,mlp,29,-0.5861396789550781,incremental_mean_label,1024,letters
-0.002124786376953125,-0.05654144287109375,mlp,30,-0.028656005859375,incremental_mean_label,1024,letters
-0.24907302856445312,-0.3653850555419922,mlp,31,-0.3056983947753906,incremental_mean_label,1024,letters
-0.12801837921142578,-0.1880483627319336,mlp,32,-0.15970516204833984,incremental_mean_label,1024,letters
1.6316452026367188,1.5108222961425781,mlp,33,1.5701026916503906,incremental_mean_label,1024,letters
-0.8659744262695312,-0.94586181640625,mlp,34,-0.9074478149414062,incremental_mean_label,1024,letters
12.02044677734375,11.496826171875,mlp,35,11.747848510742188,incremental_mean_label,1024,letters
-1.119415283203125,-1.1362323760986328,attn,0,-1.127664566040039,incremental_mean_label,1024,numbers
-0.6011447906494141,-0.6132583618164062,attn,1,-0.6071662902832031,incremental_mean_label,1024,numbers
-0.5148887634277344,-0.5330791473388672,attn,2,-0.5241107940673828,incremental_mean_label,1024,numbers
0.03409576416015625,0.020893096923828125,attn,3,0.027439117431640625,incremental_mean_label,1024,numbers
-0.9031410217285156,-0.9209785461425781,attn,4,-0.9121360778808594,incremental_mean_label,1024,numbers
-0.10018539428710938,-0.10895538330078125,attn,5,-0.10446929931640625,incremental_mean_label,1024,numbers
-1.047922134399414,-1.0609683990478516,attn,6,-1.0544071197509766,incremental_mean_label,1024,numbers
-0.17090702056884766,-0.17592620849609375,attn,7,-0.17341995239257812,incremental_mean_label,1024,numbers
0.9293746948242188,0.908233642578125,attn,8,0.9185199737548828,incremental_mean_label,1024,numbers
0.28521156311035156,0.27398681640625,attn,9,0.2794532775878906,incremental_mean_label,1024,numbers
0.29470062255859375,0.28806304931640625,attn,10,0.29139137268066406,incremental_mean_label,1024,numbers
0.538482666015625,0.5256614685058594,attn,11,0.532073974609375,incremental_mean_label,1024,numbers
0.6486663818359375,0.6308517456054688,attn,12,0.6398296356201172,incremental_mean_label,1024,numbers
0.49644720554351807,0.4851491451263428,attn,13,0.4908089190721512,incremental_mean_label,1024,numbers
2.0246334075927734,2.0039520263671875,attn,14,2.0143070220947266,incremental_mean_label,1024,numbers
0.5421352386474609,0.5295372009277344,attn,15,0.5357275009155273,incremental_mean_label,1024,numbers
-0.35959959030151367,-0.3815288543701172,attn,16,-0.3703889846801758,incremental_mean_label,1024,numbers
0.7480387687683105,0.7333331108093262,attn,17,0.7404394149780273,incremental_mean_label,1024,numbers
-0.5314221382141113,-0.5578641891479492,attn,18,-0.5450272560119629,incremental_mean_label,1024,numbers
-0.304051011800766,-0.3360302150249481,attn,19,-0.3199206590652466,incremental_mean_label,1024,numbers
-0.05739593505859375,-0.10973548889160156,attn,20,-0.08356475830078125,incremental_mean_label,1024,numbers
-0.17767649330198765,-0.23695566318929195,attn,21,-0.20714236237108707,incremental_mean_label,1024,numbers
0.8355490138055757,0.7860535160871223,attn,22,0.8112466187449172,incremental_mean_label,1024,numbers
0.4351206012070179,0.36637310590595007,attn,23,0.4011985892429948,incremental_mean_label,1024,numbers
0.7238169312477112,0.6527714729309082,attn,24,0.6884543225169182,incremental_mean_label,1024,numbers
0.10725800693035126,0.06799324229359627,attn,25,0.08759500458836555,incremental_mean_label,1024,numbers
0.9054309576749802,0.8515065610408783,attn,26,0.8787241727113724,incremental_mean_label,1024,numbers
-0.9570459555834532,-0.9888835549354553,attn,27,-0.9721491700038314,incremental_mean_label,1024,numbers
1.0677473321557045,1.0278286710381508,attn,28,1.0486557856202126,incremental_mean_label,1024,numbers
0.13499946892261505,0.11093220114707947,attn,29,0.12307079136371613,incremental_mean_label,1024,numbers
0.23540906235575676,0.18824395537376404,attn,30,0.21261960826814175,incremental_mean_label,1024,numbers
-0.026378005743026733,-0.05186334252357483,attn,31,-0.039028555154800415,incremental_mean_label,1024,numbers
0.5213526487350464,0.4711921811103821,attn,32,0.4963621497154236,incremental_mean_label,1024,numbers
0.886074960231781,0.7862262427806854,attn,33,0.8363813012838364,incremental_mean_label,1024,numbers
2.2402467727661133,2.1754302978515625,attn,34,2.207311600446701,incremental_mean_label,1024,numbers
2.0984344482421875,2.0468063354492188,attn,35,2.071809768676758,incremental_mean_label,1024,numbers
1.3505859375,1.3441619873046875,mlp,0,1.3473758697509766,incremental_mean_label,1024,numbers
0.2282390594482422,0.22344589233398438,mlp,1,0.22588157653808594,incremental_mean_label,1024,numbers
0.0269317626953125,0.017648696899414062,mlp,2,0.022401809692382812,incremental_mean_label,1024,numbers
1.2970600128173828,1.2919979095458984,mlp,3,1.294534683227539,incremental_mean_label,1024,numbers
0.8690071105957031,0.8618736267089844,mlp,4,0.8653068542480469,incremental_mean_label,1024,numbers
0.4355430603027344,0.42682647705078125,mlp,5,0.43120574951171875,incremental_mean_label,1024,numbers
-0.7421989440917969,-0.7497234344482422,mlp,6,-0.7460842132568359,incremental_mean_label,1024,numbers
0.5742254257202148,0.5646591186523438,mlp,7,0.5696067810058594,incremental_mean_label,1024,numbers
-0.7851734161376953,-0.8026866912841797,mlp,8,-0.7936172485351562,incremental_mean_label,1024,numbers
-0.29984474182128906,-0.31760215759277344,mlp,9,-0.3089027404785156,incremental_mean_label,1024,numbers
0.6306476593017578,0.6128044128417969,mlp,10,0.6216506958007812,incremental_mean_label,1024,numbers
-1.0722332000732422,-1.0847702026367188,mlp,11,-1.0785675048828125,incremental_mean_label,1024,numbers
-1.4619028568267822,-1.4816598892211914,mlp,12,-1.471966564655304,incremental_mean_label,1024,numbers
1.3298580646514893,1.3156122416257858,mlp,13,1.322438582777977,incremental_mean_label,1024,numbers
-2.842015266418457,-2.870695114135742,mlp,14,-2.856083869934082,incremental_mean_label,1024,numbers
-0.590907096862793,-0.6080226898193359,mlp,15,-0.5995368957519531,incremental_mean_label,1024,numbers
-0.6732864379882812,-0.6996288299560547,mlp,16,-0.6858830451965332,incremental_mean_label,1024,numbers
-0.1374654769897461,-0.16654300689697266,mlp,17,-0.15224027633666992,incremental_mean_label,1024,numbers
0.10867691040039062,0.08714962005615234,mlp,18,0.0976572036743164,incremental_mean_label,1024,numbers
1.7848877012729645,1.7490386962890625,mlp,19,1.7669283151626587,incremental_mean_label,1024,numbers
-1.5446733944118023,-1.5800364650785923,mlp,20,-1.5623992942273617,incremental_mean_label,1024,numbers
-1.8277338843327016,-1.880853240727447,mlp,21,-1.8540133679052815,incremental_mean_label,1024,numbers
0.540392413007794,0.4880509762442671,mlp,22,0.51320273076999,incremental_mean_label,1024,numbers
1.015343388542533,0.9144030939787626,mlp,23,0.9640137925744057,incremental_mean_label,1024,numbers
1.0571418721228838,0.9882589150220156,mlp,24,1.0249060485512018,incremental_mean_label,1024,numbers
0.9458238780498505,0.9086483134888113,mlp,25,0.9273922150023282,incremental_mean_label,1024,numbers
-0.627122163772583,-0.669323205947876,mlp,26,-0.6482851505279541,incremental_mean_label,1024,numbers
0.08963245060294867,0.01313269603997469,mlp,27,0.05031703319400549,incremental_mean_label,1024,numbers
-0.058133408427238464,-0.11988936364650726,mlp,28,-0.08858800679445267,incremental_mean_label,1024,numbers
1.0977867543697357,0.9989701732993126,mlp,29,1.0485978350043297,incremental_mean_label,1024,numbers
0.36016011238098145,0.27721500396728516,mlp,30,0.31817173957824707,incremental_mean_label,1024,numbers
0.8925549387931824,0.8484707474708557,mlp,31,0.87080979347229,incremental_mean_label,1024,numbers
0.35100826621055603,0.23695221543312073,mlp,32,0.29207196831703186,incremental_mean_label,1024,numbers
-0.7520800828933716,-0.9037582576274872,mlp,33,-0.8283389657735825,incremental_mean_label,1024,numbers
-0.019533157348632812,-0.16266822814941406,mlp,34,-0.09090471267700195,incremental_mean_label,1024,numbers
10.740470886230469,10.293075561523438,mlp,35,10.517677307128906,incremental_mean_label,1024,numbers
-1.5076746940612793,-1.5172920227050781,attn,0,-1.5124239921569824,incremental_mean_label,1024,rare_letters
-0.76925128698349,-0.7796455919742584,attn,1,-0.7744622081518173,incremental_mean_label,1024,rare_letters
-0.852697167545557,-0.867152251303196,attn,2,-0.859974067658186,incremental_mean_label,1024,rare_letters
0.24881839752197266,0.2331705093383789,attn,3,0.24099397659301758,incremental_mean_label,1024,rare_letters
0.08458275068551302,0.06551397405564785,attn,4,0.07463992736302316,incremental_mean_label,1024,rare_letters
0.07610797882080078,0.06810188293457031,attn,5,0.07189607620239258,incremental_mean_label,1024,rare_letters
-0.1590862274169922,-0.16549205780029297,attn,6,-0.16231918334960938,incremental_mean_label,1024,rare_letters
-0.5238023921847343,-0.5315558463335037,attn,7,-0.5276971161365509,incremental_mean_label,1024,rare_letters
0.5698410756886005,0.5594656819012016,attn,8,0.564593723451253,incremental_mean_label,1024,rare_letters
0.555598032195121,0.5489332214929163,attn,9,0.5522731952369213,incremental_mean_label,1024,rare_letters
-0.023851623758673668,-0.031159382313489914,attn,10,-0.027466644532978535,incremental_mean_label,1024,rare_letters
0.7142292344942689,0.706482395529747,attn,11,0.7101743253879249,incremental_mean_label,1024,rare_letters
0.9990875441581011,0.9901350932195783,attn,12,0.9947179798036814,incremental_mean_label,1024,rare_letters
1.0706099681556225,1.0658080177381635,attn,13,1.0682208612561226,incremental_mean_label,1024,rare_letters
2.1354549364186823,2.1138022243976593,attn,14,2.124493143055588,incremental_mean_label,1024,rare_letters
0.791847750544548,0.7779221832752228,attn,15,0.7850452810525894,incremental_mean_label,1024,rare_letters
-0.41411828994750977,-0.4362560510635376,attn,16,-0.42522478103637695,incremental_mean_label,1024,rare_letters
0.8249645158648491,0.8107018340379,attn,17,0.8177320100367069,incremental_mean_label,1024,rare_letters
0.5595020186156034,0.5389553438872099,attn,18,0.5491725783795118,incremental_mean_label,1024,rare_letters
-0.5495760948397219,-0.5721091236919165,attn,19,-0.5609812024049461,incremental_mean_label,1024,rare_letters
-0.4232379230670631,-0.47925207298249006,attn,20,-0.4502541911788285,incremental_mean_label,1024,rare_letters
0.4735043989494443,0.43469501147046685,attn,21,0.45394396339543164,incremental_mean_label,1024,rare_letters
-0.03145696525461972,-0.06910527241416276,attn,22,-0.04984299823991023,incremental_mean_label,1024,rare_letters
0.20454995846375823,0.1376074547879398,attn,23,0.1708432042505592,incremental_mean_label,1024,rare_letters
0.733267639297992,0.654756570700556,attn,24,0.6936373831704259,incremental_mean_label,1024,rare_letters
-0.15643191628623754,-0.21317980636376888,attn,25,-0.1848773277597502,incremental_mean_label,1024,rare_letters
1.073348413221538,1.0217673783190548,attn,26,1.0466485624201596,incremental_mean_label,1024,rare_letters
-0.1082225851714611,-0.13494814932346344,attn,27,-0.12146195583045483,incremental_mean_label,1024,rare_letters
-0.03294824389740825,-0.059691620990633965,attn,28,-0.04659874504432082,incremental_mean_label,1024,rare_letters
5.607466394547373,5.480839972384274,attn,29,5.543149473611265,incremental_mean_label,1024,rare_letters
-0.7527099847793579,-0.7910335883498192,attn,30,-0.771795853972435,incremental_mean_label,1024,rare_letters
0.8184065520763397,0.7713754624128342,attn,31,0.7943756431341171,incremental_mean_label,1024,rare_letters
0.30627523362636566,0.267877995967865,attn,32,0.28701869933865964,incremental_mean_label,1024,rare_letters
1.3627381324768066,1.284165859222412,attn,33,1.324275016784668,incremental_mean_label,1024,rare_letters
2.900653839111328,2.7549781799316406,attn,34,2.827007293701172,incremental_mean_label,1024,rare_letters
0.5721664428710938,0.5081558227539062,attn,35,0.53936767578125,incremental_mean_label,1024,rare_letters
1.1971814036369324,1.1873094737529755,mlp,0,1.1922444999217987,incremental_mean_label,1024,rare_letters
0.10778522491455078,0.10282230377197266,mlp,1,0.10524559020996094,incremental_mean_label,1024,rare_letters
1.1722834892570972,1.1669169254601002,mlp,2,1.1695996932685375,incremental_mean_label,1024,rare_letters
1.1372966654598713,1.1304186936467886,mlp,3,1.1337878402555361,incremental_mean_label,1024,rare_letters
0.568981409072876,0.5591289885342121,mlp,4,0.564103975892067,incremental_mean_label,1024,rare_letters
-0.28220462799072266,-0.29467344284057617,mlp,5,-0.28856515884399414,incremental_mean_label,1024,rare_letters
-0.7417163848876953,-0.7514486312866211,mlp,6,-0.7466058731079102,incremental_mean_label,1024,rare_letters
0.14136775583028793,0.13612244790419936,mlp,7,0.13876726618036628,incremental_mean_label,1024,rare_letters
-0.6999561283737421,-0.7102444586344063,mlp,8,-0.7048611480277032,incremental_mean_label,1024,rare_letters
0.8473318554461002,0.8259299881756306,mlp,9,0.8363132749218494,incremental_mean_label,1024,rare_letters
-1.1902184095233679,-1.217098943889141,mlp,10,-1.203590570949018,incremental_mean_label,1024,rare_letters
-0.8850280814804137,-0.8970339116640389,mlp,11,-0.8911759275943041,incremental_mean_label,1024,rare_letters
-0.907572016119957,-0.9193532317876816,mlp,12,-0.9133044332265854,incremental_mean_label,1024,rare_letters
-0.569198994897306,-0.5824010791257024,mlp,13,-0.5755958054214716,incremental_mean_label,1024,rare_letters
-1.6691617667675018,-1.6829153448343277,mlp,14,-1.6763318330049515,incremental_mean_label,1024,rare_letters
0.19046688079833984,0.15298223495483398,mlp,15,0.1715402603149414,incremental_mean_label,1024,rare_letters
-0.12486741412431002,-0.1426190696656704,mlp,16,-0.13373676408082247,incremental_mean_label,1024,rare_letters
-1.4237898997962475,-1.4414943251758814,mlp,17,-1.4331771712750196,incremental_mean_label,1024,rare_letters
-0.8688481245189905,-0.883766308426857,mlp,18,-0.8759344350546598,incremental_mean_label,1024,rare_letters
1.6739467047154903,1.6406739987432957,mlp,19,1.6575665436685085,incremental_mean_label,1024,rare_letters
-1.9563510208390653,-1.9905022361781448,mlp,20,-1.972854690393433,incremental_mean_label,1024,rare_letters
-0.5931423951406032,-0.636651358101517,mlp,21,-0.6150800969917327,incremental_mean_label,1024,rare_letters
-0.29312036698684096,-0.34673237381502986,mlp,22,-0.32025649724528193,incremental_mean_label,1024,rare_letters
-1.2102502370253205,-1.2752978596836329,mlp,23,-1.243030332494527,incremental_mean_label,1024,rare_letters
1.3958869143389165,1.357731542084366,mlp,24,1.3767973226495087,incremental_mean_label,1024,rare_letters
-0.055513850413262844,-0.10230368527118117,mlp,25,-0.0789431071607396,incremental_mean_label,1024,rare_letters
0.1616965471766889,0.13073859876021743,mlp,26,0.1462567294947803,incremental_mean_label,1024,rare_letters
0.012345266877673566,-0.020484869135543704,mlp,27,-0.0039145954069681466,incremental_mean_label,1024,rare_letters
0.1045368961058557,0.06964500108733773,mlp,28,0.0869926973246038,incremental_mean_label,1024,rare_letters
-0.0892935716547072,-0.12026521051302552,mlp,29,-0.1046773218549788,incremental_mean_label,1024,rare_letters
0.20405635237693787,0.15971827507019043,mlp,30,0.18178138136863708,incremental_mean_label,1024,rare_letters
-0.21322549134492874,-0.2721979320049286,mlp,31,-0.24194063991308212,incremental_mean_label,1024,rare_letters
0.9699737802147865,0.9314264208078384,mlp,32,0.9508499503135681,incremental_mean_label,1024,rare_letters
-0.1622791290283203,-0.23737525939941406,mlp,33,-0.200775146484375,incremental_mean_label,1024,rare_letters
0.3472328186035156,0.2732810974121094,mlp,34,0.3095893859863281,incremental_mean_label,1024,rare_letters
11.391738891601562,10.849952697753906,mlp,35,11.112464904785156,incremental_mean_label,1024,rare_letters
