ci_high,ci_low,mean,metric,n,scheme,stage
-0.510345458984375,-0.5964813232421875,-0.5546875,margin,1024,letters,0
-0.9630584716796875,-1.13507080078125,-1.0504684448242188,margin,1024,letters,1
-0.5845527648925781,-0.6764755249023438,-0.631317138671875,margin,1024,letters,2
-0.4964757105335593,-0.5848063370212913,-0.5410237153992057,margin,1024,letters,3
-0.564971923828125,-0.6589202880859375,-0.612518310546875,margin,1024,letters,4
-0.5918655395507812,-0.6836776733398438,-0.6377487182617188,margin,1024,letters,5
-0.72711181640625,-0.860260009765625,-0.7942962646484375,margin,1024,letters,6
-0.5619239807128906,-0.6592979431152344,-0.6106910705566406,margin,1024,letters,7
-0.49245452880859375,-0.5778656005859375,-0.53533935546875,margin,1024,letters,8
-0.483551025390625,-0.5567779541015625,-0.5208740234375,margin,1024,letters,9
-0.273468017578125,-0.324462890625,-0.2991485595703125,margin,1024,letters,10
-0.3835487365722656,-0.4522857666015625,-0.4188652038574219,margin,1024,letters,11
-0.6524219512939453,-0.7515373229980469,-0.7047042846679688,margin,1024,letters,12
-0.41533195972442627,-0.49504947662353516,-0.45607244968414307,margin,1024,letters,13
-0.6473944187164307,-0.7681736946105957,-0.7075450420379639,margin,1024,letters,14
-1.1975087579339743,-1.3852209113538265,-1.2946168538182974,margin,1024,letters,15
-0.8560829162597656,-0.9844627380371094,-0.9208450317382812,margin,1024,letters,16
-1.2158088684082031,-1.41925048828125,-1.3172492980957031,margin,1024,letters,17
-1.0059432983398438,-1.1814002990722656,-1.0923538208007812,margin,1024,letters,18
-1.0977636575698853,-1.2585533037781715,-1.178328413516283,margin,1024,letters,19
-1.30314302444458,-1.531723976135254,-1.4200596809387207,margin,1024,letters,20
-1.1102956533432007,-1.3068746328353882,-1.2084115147590637,margin,1024,letters,21
-1.5449861884117126,-1.7932665348052979,-1.6704566776752472,margin,1024,letters,22
-0.9992012977600098,-1.1712217926979065,-1.08962744474411,margin,1024,letters,23
-0.6573513150215149,-0.7917012274265289,-0.7250540554523468,margin,1024,letters,24
7.35283088684082,6.654162168502808,7.001242160797119,margin,1024,letters,25
5.936989784240723,5.370408535003662,5.6497273445129395,margin,1024,letters,26
5.8084259033203125,5.2659454345703125,5.5386810302734375,margin,1024,letters,27
5.88897705078125,5.33843994140625,5.61871337890625,margin,1024,letters,28
5.00604248046875,4.512115478515625,4.759552001953125,margin,1024,letters,29
9.430908203125,8.44287109375,8.951507568359375,margin,1024,letters,30
7.904937744140625,7.11505126953125,7.512603759765625,margin,1024,letters,31
11.3541259765625,10.309967041015625,10.828521728515625,margin,1024,letters,32
11.3656005859375,10.346710205078125,10.846771240234375,margin,1024,letters,33
11.12847900390625,10.08489990234375,10.60406494140625,margin,1024,letters,34
8.044921875,7.318359375,7.67755126953125,margin,1024,letters,35
11.285888671875,10.268798828125,10.7742919921875,margin,1024,letters,36
-0.80047607421875,-0.9212646484375,-0.86328125,margin,1024,numbers,0
-0.471343994140625,-0.55316162109375,-0.5132293701171875,margin,1024,numbers,1
-0.7282867431640625,-0.8765945434570312,-0.80413818359375,margin,1024,numbers,2
-0.6270980834960938,-0.727752685546875,-0.6776809692382812,margin,1024,numbers,3
-0.25103759765625,-0.2914276123046875,-0.2713165283203125,margin,1024,numbers,4
-0.3145599365234375,-0.3643341064453125,-0.3395538330078125,margin,1024,numbers,5
-0.5505218505859375,-0.63525390625,-0.59295654296875,margin,1024,numbers,6
-0.7061614990234375,-0.849151611328125,-0.776947021484375,margin,1024,numbers,7
-0.7358627319335938,-0.8471527099609375,-0.7920761108398438,margin,1024,numbers,8
-0.9049453735351562,-1.0429763793945312,-0.974334716796875,margin,1024,numbers,9
-0.9325027465820312,-1.062591552734375,-0.9976730346679688,margin,1024,numbers,10
-0.8159942626953125,-0.9314117431640625,-0.8743896484375,margin,1024,numbers,11
-1.0409774780273438,-1.1895523071289062,-1.1160659790039062,margin,1024,numbers,12
-1.072258472442627,-1.2365913391113281,-1.1568737030029297,margin,1024,numbers,13
-1.4110488891601562,-1.6183242797851562,-1.5186080932617188,margin,1024,numbers,14
-1.3535423278808594,-1.5411262512207031,-1.4490623474121094,margin,1024,numbers,15
-1.1606597900390625,-1.3343544006347656,-1.2497634887695312,margin,1024,numbers,16
-0.9972667694091797,-1.1598682403564453,-1.0802364349365234,margin,1024,numbers,17
-0.9261016845703125,-1.1046295166015625,-1.0181045532226562,margin,1024,numbers,18
-0.7363128662109375,-0.8818817138671875,-0.8104476928710938,margin,1024,numbers,19
-0.6911087036132812,-0.8317947387695312,-0.762786865234375,margin,1024,numbers,20
-0.5289361476898193,-0.6401937007904053,-0.5868537425994873,margin,1024,numbers,21
-0.43715838389471173,-0.5291454046964645,-0.48502687411382794,margin,1024,numbers,22
-0.7124847769737244,-0.8765897154808044,-0.7987657487392426,margin,1024,numbers,23
-0.43999671936035156,-0.581573486328125,-0.5133190155029297,margin,1024,numbers,24
2.6238365173339844,2.2897872924804688,2.4556503295898438,margin,1024,numbers,25
2.5123672485351562,2.1899490356445312,2.34893798828125,margin,1024,numbers,26
2.5254669189453125,2.2077484130859375,2.3631439208984375,margin,1024,numbers,27
3.081949234008789,2.711986541748047,2.8914098739624023,margin,1024,numbers,28
4.154563903808594,3.7043495178222656,3.9274063110351562,margin,1024,numbers,29
4.7368927001953125,4.217292785644531,4.476470947265625,margin,1024,numbers,30
6.0650177001953125,5.438446044921875,5.7575836181640625,margin,1024,numbers,31
6.514335632324219,5.83868408203125,6.181816101074219,margin,1024,numbers,32
8.286041259765625,7.379234313964844,7.84124755859375,margin,1024,numbers,33
7.246555328369141,6.472217559814453,6.8624114990234375,margin,1024,numbers,34
6.912139892578125,6.159088134765625,6.546112060546875,margin,1024,numbers,35
10.51397705078125,9.17462158203125,9.83984375,margin,1024,numbers,36
-1.88262939453125,-2.16961669921875,-2.03125,margin,1024,rare_letters,0
-1.9471237659454346,-2.303051710128784,-2.126508951187134,margin,1024,rare_letters,1
-2.3583831787109375,-2.758769989013672,-2.56121826171875,margin,1024,rare_letters,2
-2.5504493713378906,-2.942890167236328,-2.747570037841797,margin,1024,rare_letters,3
-2.40492781996727,-2.7408074885606766,-2.570008208975196,margin,1024,rare_letters,4
-1.7414665222167969,-1.9775047302246094,-1.854543685913086,margin,1024,rare_letters,5
-1.4810638427734375,-1.6767234802246094,-1.5747299194335938,margin,1024,rare_letters,6
-0.5952262878417969,-0.6785812377929688,-0.6358222961425781,margin,1024,rare_letters,7
-0.8191033601760864,-0.967298686504364,-0.8930873572826385,margin,1024,rare_letters,8
-1.5894146785140038,-1.8657500594854355,-1.7278859689831734,margin,1024,rare_letters,9
-1.908154308795929,-2.224042385816574,-2.0638566315174103,margin,1024,rare_letters,10
-1.5257024504244328,-1.7870717123150826,-1.6559253670275211,margin,1024,rare_letters,11
-1.1484672278165817,-1.329569898545742,-1.2373602017760277,margin,1024,rare_letters,12
-1.7883304357528687,-2.09064781665802,-1.941344141960144,margin,1024,rare_letters,13
-1.5701810717582703,-1.900802731513977,-1.7310875058174133,margin,1024,rare_letters,14
-1.7486923336982727,-2.0538125038146973,-1.9032589197158813,margin,1024,rare_letters,15
-1.0624313354492188,-1.3021469116210938,-1.1812591552734375,margin,1024,rare_letters,16
-1.7575520798563957,-2.087142661213875,-1.9186579957604408,margin,1024,rare_letters,17
-1.8905628770589828,-2.2644671201705933,-2.0739601403474808,margin,1024,rare_letters,18
-1.5357482582330704,-1.8251020312309265,-1.6788033545017242,margin,1024,rare_letters,19
-1.7968544661998749,-2.107669562101364,-1.947350263595581,margin,1024,rare_letters,20
-1.661260511726141,-2.0009787790477276,-1.8316861353814602,margin,1024,rare_letters,21
-1.7608826057985425,-2.0479914844036102,-1.909452358726412,margin,1024,rare_letters,22
-1.3199673295021057,-1.5254616141319275,-1.4244666248559952,margin,1024,rare_letters,23
-1.5379102807492018,-1.7951405551284552,-1.6699877884238958,margin,1024,rare_letters,24
2.096912242472172,1.721380852162838,1.9069263115525246,margin,1024,rare_letters,25
0.8946289196610451,0.6681200638413429,0.7812550961971283,margin,1024,rare_letters,26
0.9422436058521271,0.7197838425636292,0.8308285772800446,margin,1024,rare_letters,27
1.2450191378593445,0.9707614183425903,1.107308954000473,margin,1024,rare_letters,28
1.2883800566196442,1.0635842978954315,1.176669865846634,margin,1024,rare_letters,29
8.296890258789062,7.472077369689941,7.887883186340332,margin,1024,rare_letters,30
8.040210723876953,7.231292724609375,7.64093017578125,margin,1024,rare_letters,31
8.876266479492188,8.020370483398438,8.44965934753418,margin,1024,rare_letters,32
9.876941680908203,8.89004135131836,9.395679473876953,margin,1024,rare_letters,33
10.548385620117188,9.541831970214844,10.057624816894531,margin,1024,rare_letters,34
8.537200927734375,7.6837158203125,8.123443603515625,margin,1024,rare_letters,35
11.90362548828125,10.60919189453125,11.25421142578125,margin,1024,rare_letters,36
2.78125,2.78125,2.78125,mean_label_logit,1024,letters,0
2.5412330627441406,2.53118896484375,2.5362472534179688,mean_label_logit,1024,letters,1
1.7064037322998047,1.6982574462890625,1.702322006225586,mean_label_logit,1024,letters,2
1.1049261004664004,1.090387263102457,1.09756393940188,mean_label_logit,1024,letters,3
2.834268569946289,2.812173843383789,2.8229904174804688,mean_label_logit,1024,letters,4
3.310884475708008,3.285297393798828,3.2978153228759766,mean_label_logit,1024,letters,5
3.694713592529297,3.6765670776367188,3.685649871826172,mean_label_logit,1024,letters,6
2.0076980590820312,1.9864072799682617,1.9969902038574219,mean_label_logit,1024,letters,7
2.5303802490234375,2.5102691650390625,2.5202064514160156,mean_label_logit,1024,letters,8
2.5402183532714844,2.517610549926758,2.5285396575927734,mean_label_logit,1024,letters,9
3.1018524169921875,3.0578346252441406,3.079853057861328,mean_label_logit,1024,letters,10
2.053774833679199,2.0224008560180664,2.0382184982299805,mean_label_logit,1024,letters,11
1.545013427734375,1.5145058631896973,1.5300917625427246,mean_label_logit,1024,letters,12
1.3268521502614021,1.2998173758387566,1.3132594022899866,mean_label_logit,1024,letters,13
0.4309127926826477,0.4009544849395752,0.41558408737182617,mean_label_logit,1024,letters,14
1.1026176274754107,1.062892105896026,1.0827127252705395,mean_label_logit,1024,letters,15
2.759596824645996,2.7252578735351562,2.742776870727539,mean_label_logit,1024,letters,16
3.365835189819336,3.320073127746582,3.3434295654296875,mean_label_logit,1024,letters,17
3.657444953918457,3.6129865646362305,3.6359376907348633,mean_label_logit,1024,letters,18
1.6836031302809715,1.643471209332347,1.6635932056233287,mean_label_logit,1024,letters,19
3.6603837609291077,3.601230204105377,3.630941689014435,mean_label_logit,1024,letters,20
2.8052653670310974,2.737746447324753,2.770764410495758,mean_label_logit,1024,letters,21
2.5925346985459328,2.5127187967300415,2.5527179054915905,mean_label_logit,1024,letters,22
2.6844701021909714,2.5988951176404953,2.6409486532211304,mean_label_logit,1024,letters,23
2.5108138378709555,2.362639842554927,2.4337954530492425,mean_label_logit,1024,letters,24
4.569578729569912,4.394823051057756,4.479951863177121,mean_label_logit,1024,letters,25
5.751843631267548,5.5929871294647455,5.671161213889718,mean_label_logit,1024,letters,26
7.38744044303894,7.245044589042664,7.314509749412537,mean_label_logit,1024,letters,27
9.627666473388672,9.48189926147461,9.552539825439453,mean_label_logit,1024,letters,28
11.238288879394531,11.110057830810547,11.175365447998047,mean_label_logit,1024,letters,29
14.447402954101562,14.318206787109375,14.383781433105469,mean_label_logit,1024,letters,30
13.138999938964844,13.012016296386719,13.076419830322266,mean_label_logit,1024,letters,31
12.441108703613281,12.31402587890625,12.377553939819336,mean_label_logit,1024,letters,32
12.317893981933594,12.186630249023438,12.252610206604004,mean_label_logit,1024,letters,33
15.374443054199219,15.243705749511719,15.30963134765625,mean_label_logit,1024,letters,34
15.874542236328125,15.709747314453125,15.791397094726562,mean_label_logit,1024,letters,35
27.524185180664062,27.0882568359375,27.296066284179688,mean_label_logit,1024,letters,36
3.02734375,3.02734375,3.02734375,mean_label_logit,1024,numbers,0
3.261993408203125,3.246795654296875,3.2545242309570312,mean_label_logit,1024,numbers,1
2.883035659790039,2.8632431030273438,2.8732070922851562,mean_label_logit,1024,numbers,2
2.3818321228027344,2.3619461059570312,2.3716869354248047,mean_label_logit,1024,numbers,3
3.703723907470703,3.684368133544922,3.6938400268554688,mean_label_logit,1024,numbers,4
3.656269073486328,3.637603759765625,3.647247314453125,mean_label_logit,1024,numbers,5
3.982738494873047,3.9660186767578125,3.974445343017578,mean_label_logit,1024,numbers,6
2.181720733642578,2.1651744842529297,2.173666000366211,mean_label_logit,1024,numbers,7
2.578521728515625,2.5611915588378906,2.569713592529297,mean_label_logit,1024,numbers,8
2.7071990966796875,2.6818809509277344,2.694753646850586,mean_label_logit,1024,numbers,9
2.6760196685791016,2.6550025939941406,2.6656246185302734,mean_label_logit,1024,numbers,10
3.5895233154296875,3.568328857421875,3.5788536071777344,mean_label_logit,1024,numbers,11
3.040607452392578,3.0245914459228516,3.032503128051758,mean_label_logit,1024,numbers,12
2.2122981548309326,2.1907861828804016,2.2011730074882507,mean_label_logit,1024,numbers,13
4.032720565795898,3.9995574951171875,4.015474319458008,mean_label_logit,1024,numbers,14
3.197694778442383,3.151118278503418,3.1731576919555664,mean_label_logit,1024,numbers,15
3.138946533203125,3.0802793502807617,3.109286308288574,mean_label_logit,1024,numbers,16
2.0737528800964355,2.033870220184326,2.0536398887634277,mean_label_logit,1024,numbers,17
2.662862777709961,2.620333671569824,2.6414670944213867,mean_label_logit,1024,numbers,18
2.2213120460510254,2.166346549987793,2.194370746612549,mean_label_logit,1024,numbers,19
3.6724796295166016,3.6090927124023438,3.6412906646728516,mean_label_logit,1024,numbers,20
2.0433401465415955,1.946102861315012,1.9946666080504656,mean_label_logit,1024,numbers,21
-0.022752856952138245,-0.11070630326867104,-0.06641040195245296,mean_label_logit,1024,numbers,22
1.305023841559887,1.2107919119298458,1.258239089511335,mean_label_logit,1024,numbers,23
2.6663016080856323,2.579100638628006,2.623550772666931,mean_label_logit,1024,numbers,24
4.400587841868401,4.2696706503629684,4.3367145620286465,mean_label_logit,1024,numbers,25
5.425580471754074,5.274311453104019,5.352465555071831,mean_label_logit,1024,numbers,26
5.6717047691345215,5.495433807373047,5.582672119140625,mean_label_logit,1024,numbers,27
4.762187086045742,4.559402450919151,4.661037690937519,mean_label_logit,1024,numbers,28
5.729032635688782,5.512934684753418,5.620971381664276,mean_label_logit,1024,numbers,29
6.92746945656836,6.652809638530016,6.792296165600419,mean_label_logit,1024,numbers,30
7.443413257598877,7.194226562976837,7.323764473199844,mean_label_logit,1024,numbers,31
8.28630018234253,8.01944351196289,8.154040336608887,mean_label_logit,1024,numbers,32
9.090073645114899,8.790582537651062,8.943038940429688,mean_label_logit,1024,numbers,33
9.086572885513306,8.811332941055298,8.951487094163895,mean_label_logit,1024,numbers,34
11.185195922851562,10.944843292236328,11.068784713745117,mean_label_logit,1024,numbers,35
23.867141723632812,23.44361114501953,23.656715393066406,mean_label_logit,1024,numbers,36
1.671875,1.671875,1.671875,mean_label_logit,1024,rare_letters,0
1.3606782853603363,1.3522085398435593,1.3564734309911728,mean_label_logit,1024,rare_letters,1
0.6923246383666992,0.6822500228881836,0.6872568130493164,mean_label_logit,1024,rare_letters,2
1.0036354064941406,0.9884929656982422,0.9960412979125977,mean_label_logit,1024,rare_letters,3
2.379767833976075,2.3623295745346695,2.3710008601192385,mean_label_logit,1024,rare_letters,4
3.020616054534912,3.0001721382141113,3.010221481323242,mean_label_logit,1024,rare_letters,5
2.8006486892700195,2.7875070571899414,2.7938709259033203,mean_label_logit,1024,rare_letters,6
1.8936653137207031,1.8765506744384766,1.884995460510254,mean_label_logit,1024,rare_letters,7
1.5047688642516732,1.4866156175266951,1.4957743376726285,mean_label_logit,1024,rare_letters,8
1.3666897905059159,1.3443876802921295,1.3555104918777943,mean_label_logit,1024,rare_letters,9
2.759947274811566,2.7284306306391954,2.7441263580694795,mean_label_logit,1024,rare_letters,10
1.5249481033533812,1.502418908290565,1.5137394545599818,mean_label_logit,1024,rare_letters,11
1.3414652328938246,1.3227255642414093,1.3321257587522268,mean_label_logit,1024,rare_letters,12
1.4202814102172852,1.405862271785736,1.413452535867691,mean_label_logit,1024,rare_letters,13
1.9162730514071882,1.896317498292774,1.9062361507676542,mean_label_logit,1024,rare_letters,14
2.3683612644672394,2.340274378657341,2.35453163087368,mean_label_logit,1024,rare_letters,15
3.334196090698242,3.2867603302001953,3.310894012451172,mean_label_logit,1024,rare_letters,16
2.774328915402293,2.7290676329284906,2.7517828438431025,mean_label_logit,1024,rare_letters,17
2.1558308862149715,2.116444021463394,2.1364355348050594,mean_label_logit,1024,rare_letters,18
1.8230608692392707,1.7959539266303182,1.809585954528302,mean_label_logit,1024,rare_letters,19
2.9286248218268156,2.8815152645111084,2.9057040633633733,mean_label_logit,1024,rare_letters,20
0.5063184462487698,0.4589629974216223,0.48231763765215874,mean_label_logit,1024,rare_letters,21
0.35620647537871264,0.28619648586027324,0.3208733269420918,mean_label_logit,1024,rare_letters,22
-0.0157203976996243,-0.08296593558043242,-0.049507540417835116,mean_label_logit,1024,rare_letters,23
-1.049778704997152,-1.1911327666603029,-1.1218657023273408,mean_label_logit,1024,rare_letters,24
1.0362083930522203,0.8589376844465733,0.9484472572803497,mean_label_logit,1024,rare_letters,25
0.7794064972549677,0.5895027257502079,0.6848354935646057,mean_label_logit,1024,rare_letters,26
1.9797589406371117,1.7729107812047005,1.8779163993895054,mean_label_logit,1024,rare_letters,27
1.855652667582035,1.647713340818882,1.7528502866625786,mean_label_logit,1024,rare_letters,28
1.880236029624939,1.7045245617628098,1.7934811487793922,mean_label_logit,1024,rare_letters,29
7.307015091180801,7.156033307313919,7.231730595231056,mean_label_logit,1024,rare_letters,30
6.708730220794678,6.572149276733398,6.641360640525818,mean_label_logit,1024,rare_letters,31
7.264597240835428,7.122387884184718,7.193650858476758,mean_label_logit,1024,rare_letters,32
8.50126028060913,8.363629341125488,8.432385444641113,mean_label_logit,1024,rare_letters,33
9.633661270141602,9.475484848022461,9.556724548339844,mean_label_logit,1024,rare_letters,34
12.778144836425781,12.611557006835938,12.693672180175781,mean_label_logit,1024,rare_letters,35
24.560302734375,24.13568115234375,24.343734741210938,mean_label_logit,1024,rare_letters,36
0.25730743720487226,0.2430208749283338,0.2499999962747097,correct_restricted_prob,1024,letters,0
0.2648145859820943,0.23578391224873485,0.24995956781640416,correct_restricted_prob,1024,letters,1
0.2585402236727532,0.24191145310760476,0.2500234406252275,correct_restricted_prob,1024,letters,2
0.2571962973306654,0.24289444059104426,0.24991583642258774,correct_restricted_prob,1024,letters,3
0.25794547700934345,0.24210720336486702,0.2500144292571349,correct_restricted_prob,1024,letters,4
0.2576448487707239,0.24194268266728614,0.2498499478242593,correct_restricted_prob,1024,letters,5
0.2606438509137661,0.23901718339766376,0.2499124852984096,correct_restricted_prob,1024,letters,6
0.25818134222208755,0.2415703549486352,0.24992110580205917,correct_restricted_prob,1024,letters,7
0.2571647882650723,0.24254539087996818,0.24982370101497509,correct_restricted_prob,1024,letters,8
0.2569711310279672,0.24330276078399038,0.2500458256981801,correct_restricted_prob,1024,letters,9
0.2548899480534601,0.24577799818507629,0.25022387853096006,correct_restricted_prob,1024,letters,10
0.2563412616145797,0.24429452550248243,0.2501849121254054,correct_restricted_prob,1024,letters,11
0.2597062014247058,0.24151610289845848,0.2502083683612,correct_restricted_prob,1024,letters,12
0.2570458481714013,0.24420867011940572,0.2505210337585595,correct_restricted_prob,1024,letters,13
0.2583133181469748,0.2422343805028504,0.250354404661266,correct_restricted_prob,1024,letters,14
0.2658272715707426,0.23588439184095478,0.2502705090773816,correct_restricted_prob,1024,letters,15
0.2612930733739631,0.23994439824673464,0.25040101666672854,correct_restricted_prob,1024,letters,16
0.2651657313126634,0.23558851354573562,0.2501120406186601,correct_restricted_prob,1024,letters,17
0.26158662005127553,0.23837234605525737,0.24989399111109378,correct_restricted_prob,1024,letters,18
0.2620275438985118,0.2385316374420654,0.2500771056757003,correct_restricted_prob,1024,letters,19
0.2698119613819472,0.2409739816180263,0.2548484234018815,correct_restricted_prob,1024,letters,20
0.2664084870766601,0.24093241279661015,0.2536434761145756,correct_restricted_prob,1024,letters,21
0.29024377431665016,0.2569416141932379,0.27350579379731244,correct_restricted_prob,1024,letters,22
0.2764317471119284,0.24896486912530236,0.2621706575355347,correct_restricted_prob,1024,letters,23
0.2877207278379501,0.26496362754733127,0.2761512978886458,correct_restricted_prob,1024,letters,24
0.8743928132507222,0.8369643097420468,0.8558132838444298,correct_restricted_prob,1024,letters,25
0.8635186092864693,0.8272041564600876,0.8457769715397099,correct_restricted_prob,1024,letters,26
0.8684626315329069,0.8328676317583437,0.8509552015785538,correct_restricted_prob,1024,letters,27
0.8666191455168004,0.8303147536924911,0.8486288342002908,correct_restricted_prob,1024,letters,28
0.8579679835320917,0.8211500189216281,0.8396434851336778,correct_restricted_prob,1024,letters,29
0.8497015237925378,0.8092418055987141,0.8301637239529284,correct_restricted_prob,1024,letters,30
0.8545568953784066,0.8168416602178752,0.8360288724289955,correct_restricted_prob,1024,letters,31
0.8800591045366173,0.8422204896886852,0.8610190399807285,correct_restricted_prob,1024,letters,32
0.8836743643851789,0.8464213485513162,0.865199684618615,correct_restricted_prob,1024,letters,33
0.8801213629156468,0.8427247573690426,0.8622953583141975,correct_restricted_prob,1024,letters,34
0.8776398868023563,0.8436556248192559,0.861136384214845,correct_restricted_prob,1024,letters,35
0.9122778081041019,0.884096669914453,0.8983910164024393,correct_restricted_prob,1024,letters,36
0.26029276868575835,0.2399726524563448,0.2500000027939677,correct_restricted_prob,1024,numbers,0
0.2569808257103432,0.243293103761971,0.250006764443242,correct_restricted_prob,1024,numbers,1
0.2623694928843179,0.23819281390751712,0.25000771511986386,correct_restricted_prob,1024,numbers,2
0.2591500917842495,0.24104159186390461,0.24997052023536526,correct_restricted_prob,1024,numbers,3
0.2540016277343966,0.24598112162493635,0.24998208209581207,correct_restricted_prob,1024,numbers,4
0.2550053662416758,0.24524998498964123,0.2500931154791033,correct_restricted_prob,1024,numbers,5
0.25808762389351614,0.24224189850792754,0.25010480511264177,correct_restricted_prob,1024,numbers,6
0.2618234463807312,0.23834738215373363,0.25008846120908856,correct_restricted_prob,1024,numbers,7
0.260438998171594,0.23989973378775176,0.25012206022802275,correct_restricted_prob,1024,numbers,8
0.26260772107343655,0.23793472809484228,0.2500566600829188,correct_restricted_prob,1024,numbers,9
0.26181245407497045,0.23844605759950355,0.25007872237620177,correct_restricted_prob,1024,numbers,10
0.26070358149445383,0.23968567891279235,0.25006886722985655,correct_restricted_prob,1024,numbers,11
0.262334214628936,0.23810417207641876,0.2500797963293735,correct_restricted_prob,1024,numbers,12
0.26277218032919336,0.2380681964532414,0.24996539015410235,correct_restricted_prob,1024,numbers,13
0.26345843046874506,0.2364993603878247,0.24998954782222427,correct_restricted_prob,1024,numbers,14
0.2651483879890293,0.23537632968145772,0.25005887393126613,correct_restricted_prob,1024,numbers,15
0.26484885908030265,0.23599855909924372,0.2501069852096407,correct_restricted_prob,1024,numbers,16
0.26466709853411885,0.2361984530762129,0.2501248375083378,correct_restricted_prob,1024,numbers,17
0.26478720397426514,0.23542404298859765,0.25007751481825835,correct_restricted_prob,1024,numbers,18
0.26232059285393916,0.23828604566369904,0.25013027826935286,correct_restricted_prob,1024,numbers,19
0.26163102234568214,0.23865729974204442,0.24999277714232448,correct_restricted_prob,1024,numbers,20
0.26556047235499136,0.2470741675933823,0.25609336658817483,correct_restricted_prob,1024,numbers,21
0.26395541169767966,0.24837813653357443,0.25579252484749304,correct_restricted_prob,1024,numbers,22
0.2737631711352151,0.24739931678050198,0.2599619578668353,correct_restricted_prob,1024,numbers,23
0.3028413280899258,0.279485646115063,0.290835516199877,correct_restricted_prob,1024,numbers,24
0.7712526490424807,0.7341779202133694,0.7530227423887936,correct_restricted_prob,1024,numbers,25
0.7609155664895297,0.724764666705596,0.7429402279522037,correct_restricted_prob,1024,numbers,26
0.7630438906867312,0.7272380260524187,0.745498914937798,correct_restricted_prob,1024,numbers,27
0.7741936617412648,0.7379481158081944,0.7567544497064773,correct_restricted_prob,1024,numbers,28
0.8150197791189839,0.7765630972066901,0.7959696273726422,correct_restricted_prob,1024,numbers,29
0.8167732006394886,0.7771694935746041,0.7973352672272256,correct_restricted_prob,1024,numbers,30
0.8419904532890996,0.8025102343828507,0.822750742910074,correct_restricted_prob,1024,numbers,31
0.838594763167265,0.797680806362564,0.8187065337553392,correct_restricted_prob,1024,numbers,32
0.8419503592817521,0.7993708925051433,0.8210637717148184,correct_restricted_prob,1024,numbers,33
0.8388844521196788,0.7966522881589375,0.8182781800188748,correct_restricted_prob,1024,numbers,34
0.8165605333052426,0.7732915694121516,0.7951679586738507,correct_restricted_prob,1024,numbers,35
0.8015369482019493,0.7556813156583999,0.778748476388908,correct_restricted_prob,1024,numbers,36
0.2665069254453556,0.23431504596737796,0.25000000960426405,correct_restricted_prob,1024,rare_letters,0
0.27431128683565476,0.22668060285741376,0.24999513468083023,correct_restricted_prob,1024,rare_letters,1
0.27493164443694695,0.22597447292105244,0.25001375751253363,correct_restricted_prob,1024,rare_letters,2
0.27412947149514366,0.2268161544313898,0.2500211400201806,correct_restricted_prob,1024,rare_letters,3
0.27007175624316915,0.2304970040918306,0.25002146412248294,correct_restricted_prob,1024,rare_letters,4
0.26531765606205227,0.2336702405741562,0.2497656135692523,correct_restricted_prob,1024,rare_letters,5
0.263518698910957,0.23557598351544584,0.24996763760191243,correct_restricted_prob,1024,rare_letters,6
0.2577285383522394,0.2417766162980115,0.24989479141368065,correct_restricted_prob,1024,rare_letters,7
0.2614931955758948,0.23846930821309797,0.2499723179207649,correct_restricted_prob,1024,rare_letters,8
0.2701855394288941,0.22912889501913014,0.24980120274176443,correct_restricted_prob,1024,rare_letters,9
0.2705436523751814,0.22814653855857614,0.25004581600160236,correct_restricted_prob,1024,rare_letters,10
0.26934191272721364,0.23004945830416546,0.25012914236140205,correct_restricted_prob,1024,rare_letters,11
0.26455709335823485,0.2360059334168909,0.2502673498365766,correct_restricted_prob,1024,rare_letters,12
0.2708953215119436,0.2293805484564473,0.2501680359500824,correct_restricted_prob,1024,rare_letters,13
0.2719380790476862,0.22746515345443186,0.2502314640723853,correct_restricted_prob,1024,rare_letters,14
0.2713457223480873,0.2286573209330527,0.24994559218521317,correct_restricted_prob,1024,rare_letters,15
0.26815404330045567,0.23144308670816827,0.2500430502695963,correct_restricted_prob,1024,rare_letters,16
0.2701633243842707,0.2297339737430093,0.25021537648501635,correct_restricted_prob,1024,rare_letters,17
0.2713604164507615,0.22813225193021935,0.2501081091292008,correct_restricted_prob,1024,rare_letters,18
0.269936651131502,0.22963161522875453,0.2498839461127318,correct_restricted_prob,1024,rare_letters,19
0.2702932934180353,0.22839157919406716,0.24970208455943066,correct_restricted_prob,1024,rare_letters,20
0.2691014457916481,0.2264027670582891,0.24787320259270018,correct_restricted_prob,1024,rare_letters,21
0.2524553233450888,0.21797000903984554,0.2344085118958219,correct_restricted_prob,1024,rare_letters,22
0.25370272842110353,0.22482406363133123,0.23885601968618175,correct_restricted_prob,1024,rare_letters,23
0.26416041455286177,0.22883013079353987,0.24599827024258047,correct_restricted_prob,1024,rare_letters,24
0.6683652985485082,0.6306620393925186,0.6499209051758896,correct_restricted_prob,1024,rare_letters,25
0.5885370639662142,0.554108530944518,0.5716141133971178,correct_restricted_prob,1024,rare_letters,26
0.6058221941441388,0.570774743724769,0.5884286912928474,correct_restricted_prob,1024,rare_letters,27
0.6156695651839073,0.5775921673680386,0.5965844734846542,correct_restricted_prob,1024,rare_letters,28
0.6164977004327739,0.5806456395894202,0.5986142267829564,correct_restricted_prob,1024,rare_letters,29
0.8519147142238541,0.8121338342365618,0.8326233593967052,correct_restricted_prob,1024,rare_letters,30
0.8580964229148309,0.8204008725978502,0.839788112287545,correct_restricted_prob,1024,rare_letters,31
0.8610389853805027,0.8225993173879205,0.8422839452366107,correct_restricted_prob,1024,rare_letters,32
0.8599053563761334,0.8212422708954348,0.8410599266199613,correct_restricted_prob,1024,rare_letters,33
0.8644219550911495,0.8256343593409122,0.8456371779396531,correct_restricted_prob,1024,rare_letters,34
0.8582714570530232,0.8187104874157956,0.8392659667001097,correct_restricted_prob,1024,rare_letters,35
0.8613233069550085,0.8233420388019298,0.84303459123861,correct_restricted_prob,1024,rare_letters,36
-2.07993221282959,-2.5783815383911133,-2.3292922973632812,content_margin,1024,letters,0
-1.1286296844482422,-1.3744921684265137,-1.2517333030700684,content_margin,1024,letters,1
-1.3709840774536133,-1.6175928115844727,-1.4997673034667969,content_margin,1024,letters,2
-1.3714561462402344,-1.6235322952270508,-1.5004587173461914,content_margin,1024,letters,3
-1.0726852416992188,-1.285247802734375,-1.1816654205322266,content_margin,1024,letters,4
-0.902557373046875,-1.0827484130859375,-0.9947128295898438,content_margin,1024,letters,5
-0.4897918701171875,-0.5887680053710938,-0.5390815734863281,content_margin,1024,letters,6
-0.4665718078613281,-0.5523586273193359,-0.5088005065917969,content_margin,1024,letters,7
-0.39754676818847656,-0.4775362014770508,-0.4368124008178711,content_margin,1024,letters,8
-0.6355066299438477,-0.7598981857299805,-0.6941251754760742,content_margin,1024,letters,9
-0.9061026573181152,-1.0933110862970352,-0.9955101981759071,content_margin,1024,letters,10
-0.9052190631628036,-1.0910583138465881,-0.9955926090478897,content_margin,1024,letters,11
-0.9317285567522049,-1.1455474719405174,-1.035681240260601,content_margin,1024,letters,12
-1.0317390337586403,-1.19848170876503,-1.1114495135843754,content_margin,1024,letters,13
-1.2202518731355667,-1.421077385544777,-1.3229502066969872,content_margin,1024,letters,14
-1.2429882138967514,-1.4505094438791275,-1.3485803455114365,content_margin,1024,letters,15
-1.5970282554626465,-1.8633148670196533,-1.7342306077480316,content_margin,1024,letters,16
-1.5565065145492554,-1.785578191280365,-1.6713457107543945,content_margin,1024,letters,17
-1.3987876772880554,-1.608403742313385,-1.50617615878582,content_margin,1024,letters,18
-1.4752851873636246,-1.7143353670835495,-1.5964813232421875,content_margin,1024,letters,19
-1.4916069507598877,-1.7571313381195068,-1.6281095147132874,content_margin,1024,letters,20
-1.0156217496842146,-1.2766664326190948,-1.1506107579916716,content_margin,1024,letters,21
-0.6077707409858704,-0.8644087910652161,-0.7359699606895447,content_margin,1024,letters,22
-0.511115700006485,-0.7734026089310646,-0.6400151625275612,content_margin,1024,letters,23
0.3243225887417793,-0.06421099603176117,0.13275202363729477,content_margin,1024,letters,24
0.2222938984632492,-0.08600389957427979,0.07210922986268997,content_margin,1024,letters,25
-0.09340315498411655,-0.38246945198625326,-0.23762830439954996,content_margin,1024,letters,26
0.31547218188643456,0.022921010851860046,0.1719179730862379,content_margin,1024,letters,27
0.37813425064086914,0.08660215884447098,0.23283904045820236,content_margin,1024,letters,28
0.2962493598461151,0.010568348690867424,0.15181176271289587,content_margin,1024,letters,29
0.44153088331222534,0.16965743899345398,0.30468687415122986,content_margin,1024,letters,30
0.716209203004837,0.4286380410194397,0.5757763236761093,content_margin,1024,letters,31
1.006043203175068,0.7196354866027832,0.869042418897152,content_margin,1024,letters,32
1.4086313545703888,1.1408534944057465,1.2781525552272797,content_margin,1024,letters,33
1.6420259177684784,1.3999181389808655,1.521502047777176,content_margin,1024,letters,34
1.8879611808806658,1.6747302860021591,1.7830974478274584,content_margin,1024,letters,35
2.7671852111816406,2.4656715393066406,2.6136093139648438,content_margin,1024,letters,36
-2.07993221282959,-2.5783815383911133,-2.3292922973632812,content_margin,1024,numbers,0
-1.129868984222412,-1.3754892349243164,-1.2522077560424805,content_margin,1024,numbers,1
-1.3311306238174438,-1.5772496461868286,-1.4598500728607178,content_margin,1024,numbers,2
-1.4360861778259277,-1.6871020197868347,-1.5650197863578796,content_margin,1024,numbers,3
-1.1383559703826904,-1.3552369475364685,-1.2487322092056274,content_margin,1024,numbers,4
-0.9066925048828125,-1.0776748657226562,-0.9948883056640625,content_margin,1024,numbers,5
-0.4600105285644531,-0.552093505859375,-0.5053977966308594,content_margin,1024,numbers,6
-0.5420875549316406,-0.6396675109863281,-0.5901832580566406,content_margin,1024,numbers,7
-0.43444347381591797,-0.5254745483398438,-0.47928524017333984,content_margin,1024,numbers,8
-0.5670499503612518,-0.6842817068099976,-0.6231187582015991,content_margin,1024,numbers,9
-0.8231519013643265,-1.002811923623085,-0.9083221331238747,content_margin,1024,numbers,10
-0.9940167730674148,-1.202926672063768,-1.093700117431581,content_margin,1024,numbers,11
-0.7983016921207309,-1.02137681376189,-0.9049995681270957,content_margin,1024,numbers,12
-1.0907381772994995,-1.2710494101047516,-1.178922027349472,content_margin,1024,numbers,13
-1.293688178062439,-1.5210437774658203,-1.4097156822681427,content_margin,1024,numbers,14
-1.1624538600444794,-1.3533934354782104,-1.2611375451087952,content_margin,1024,numbers,15
-1.5375028997659683,-1.8195081949234009,-1.6814959794282913,content_margin,1024,numbers,16
-1.6238806126639247,-1.8667098879814148,-1.7462373403832316,content_margin,1024,numbers,17
-1.3931457102298737,-1.593884777277708,-1.4966207258403301,content_margin,1024,numbers,18
-1.5988252460956573,-1.84088733792305,-1.7239117324352264,content_margin,1024,numbers,19
-1.523112952709198,-1.7867344617843628,-1.6585479378700256,content_margin,1024,numbers,20
-1.1858863830566406,-1.471292421221733,-1.3310992568731308,content_margin,1024,numbers,21
-0.6858700215816498,-0.9340435713529587,-0.8122864663600922,content_margin,1024,numbers,22
-0.6193298995494843,-0.894395649433136,-0.7565223872661591,content_margin,1024,numbers,23
0.2350209355354309,-0.1444045901298523,0.04856842756271362,content_margin,1024,numbers,24
0.3049056828022003,-0.028851747512817383,0.1357775330543518,content_margin,1024,numbers,25
-0.06583485007286072,-0.3614286482334137,-0.21994078159332275,content_margin,1024,numbers,26
0.44732965156435966,0.1515018567442894,0.2991820462048054,content_margin,1024,numbers,27
0.530193567276001,0.2313244342803955,0.37877385318279266,content_margin,1024,numbers,28
0.31027039885520935,-0.013858556747436523,0.14572492241859436,content_margin,1024,numbers,29
0.7942156977951527,0.4932334180921316,0.6435324940830469,content_margin,1024,numbers,30
1.4580317735671997,1.0784865021705627,1.2648036181926727,content_margin,1024,numbers,31
1.898686971515417,1.5054874755442142,1.699445728212595,content_margin,1024,numbers,32
2.484170079231262,2.04231920838356,2.2717798054218292,content_margin,1024,numbers,33
2.841820538043976,2.4474114775657654,2.6453924775123596,content_margin,1024,numbers,34
2.847632735967636,2.500338166952133,2.6788681745529175,content_margin,1024,numbers,35
4.859138488769531,4.3528242111206055,4.611874580383301,content_margin,1024,numbers,36
-2.07993221282959,-2.5783815383911133,-2.3292922973632812,content_margin,1024,rare_letters,0
-1.130582332611084,-1.3766932487487793,-1.2535648345947266,content_margin,1024,rare_letters,1
-1.3304359316825867,-1.5745815634727478,-1.4580770134925842,content_margin,1024,rare_letters,2
-1.3707237243652344,-1.6182231903076172,-1.4970016479492188,content_margin,1024,rare_letters,3
-1.1112093329429626,-1.329396665096283,-1.2232171297073364,content_margin,1024,rare_letters,4
-0.9482650756835938,-1.1313705444335938,-1.0418739318847656,content_margin,1024,rare_letters,5
-0.48638916015625,-0.5898895263671875,-0.5381011962890625,content_margin,1024,rare_letters,6
-0.5185346603393555,-0.6186075210571289,-0.567845344543457,content_margin,1024,rare_letters,7
-0.46826171875,-0.5601482391357422,-0.5140233039855957,content_margin,1024,rare_letters,8
-0.6681559458374977,-0.8054863959550858,-0.7335541918873787,content_margin,1024,rare_letters,9
-0.8272141814231873,-1.0150218605995178,-0.9165183901786804,content_margin,1024,rare_letters,10
-1.0005616396665573,-1.2266808599233627,-1.1101189628243446,content_margin,1024,rare_letters,11
-0.8085518144071102,-1.016795426607132,-0.908713448792696,content_margin,1024,rare_letters,12
-1.1031678728759289,-1.2735972851514816,-1.1872487347573042,content_margin,1024,rare_letters,13
-1.35845210775733,-1.597201619297266,-1.4814984686672688,content_margin,1024,rare_letters,14
-1.0290730632841587,-1.2120756655931473,-1.1234856955707073,content_margin,1024,rare_letters,15
-1.4315576255321503,-1.69682904984802,-1.5661470154300332,content_margin,1024,rare_letters,16
-1.5850000381469727,-1.8230571746826172,-1.7042436599731445,content_margin,1024,rare_letters,17
-1.3836662769317627,-1.6047871112823486,-1.4949519634246826,content_margin,1024,rare_letters,18
-1.734090805053711,-2.011066436767578,-1.8760919570922852,content_margin,1024,rare_letters,19
-1.5972937569022179,-1.8712505120784044,-1.7366096917539835,content_margin,1024,rare_letters,20
-1.2680259943008423,-1.558857500553131,-1.4173756837844849,content_margin,1024,rare_letters,21
-0.849451333284378,-1.1335743069648743,-0.9940785765647888,content_margin,1024,rare_letters,22
-0.6217807941138744,-0.8962314166128635,-0.7576180435717106,content_margin,1024,rare_letters,23
0.24255919456481934,-0.13221591711044312,0.056365787982940674,content_margin,1024,rare_letters,24
0.486213106662035,0.1725589521229267,0.3334942050278187,content_margin,1024,rare_letters,25
0.22662997245788574,-0.02987217903137207,0.09938359260559082,content_margin,1024,rare_letters,26
0.7486453205347061,0.5001269578933716,0.626975491642952,content_margin,1024,rare_letters,27
0.801386833190918,0.5459750294685364,0.6723042782396078,content_margin,1024,rare_letters,28
0.7448093444108963,0.4787713587284088,0.611684039235115,content_margin,1024,rare_letters,29
1.3762039542198181,1.1406910419464111,1.2605915367603302,content_margin,1024,rare_letters,30
2.327915221452713,2.017979383468628,2.172068268060684,content_margin,1024,rare_letters,31
2.6634665727615356,2.3077409267425537,2.4848048090934753,content_margin,1024,rare_letters,32
3.547151029109955,3.1536630988121033,3.348058372735977,content_margin,1024,rare_letters,33
3.7144090980291367,3.346947431564331,3.528668060898781,content_margin,1024,rare_letters,34
3.462491750717163,3.1631100177764893,3.3115049228072166,content_margin,1024,rare_letters,35
5.4769134521484375,4.9948883056640625,5.23388671875,content_margin,1024,rare_letters,36
0.6061292886734009,0.6061292886734009,0.6061292886734009,requested_mass_8way,1024,numbers,0
0.6038929880596697,0.601074033183977,0.6024654345819727,requested_mass_8way,1024,numbers,1
0.7594159984728321,0.7567067497293465,0.7580319105181843,requested_mass_8way,1024,numbers,2
0.7968152465764433,0.7944727604044601,0.7956287951092236,requested_mass_8way,1024,numbers,3
0.6818351974943653,0.6765374322421849,0.6791098838439211,requested_mass_8way,1024,numbers,4
0.6132012333837338,0.607644379750127,0.6103070278477389,requested_mass_8way,1024,numbers,5
0.595228697755374,0.5915514909429476,0.5933313138666563,requested_mass_8way,1024,numbers,6
0.6718646545195952,0.6678538587293588,0.6698739425628446,requested_mass_8way,1024,numbers,7
0.6752609461545944,0.6702163993613794,0.6727598044089973,requested_mass_8way,1024,numbers,8
0.7983189783990383,0.793719483888708,0.7960030491813086,requested_mass_8way,1024,numbers,9
0.6931298793060705,0.6887157350429334,0.6909468850935809,requested_mass_8way,1024,numbers,10
0.8752969370107166,0.8733159204130061,0.8743175032432191,requested_mass_8way,1024,numbers,11
0.8550346661359072,0.8522567501640879,0.8536575433099642,requested_mass_8way,1024,numbers,12
0.8297323095612228,0.8267004781519063,0.8282055964809842,requested_mass_8way,1024,numbers,13
0.9845094684860669,0.9841021258034743,0.9843083011801355,requested_mass_8way,1024,numbers,14
0.886937414878048,0.8826779091032222,0.8846977106295526,requested_mass_8way,1024,numbers,15
0.7064285624655895,0.6968954182812013,0.7016762700513937,requested_mass_8way,1024,numbers,16
0.31279680685838684,0.30619785089220386,0.3095532572915545,requested_mass_8way,1024,numbers,17
0.34718824265291914,0.3392321294231806,0.3431656444736291,requested_mass_8way,1024,numbers,18
0.6174340035940986,0.6092870055581443,0.613270216534147,requested_mass_8way,1024,numbers,19
0.4737255101063056,0.4614099451719085,0.46753792819799855,requested_mass_8way,1024,numbers,20
0.2806096070926287,0.2698117928666761,0.27522720104752807,requested_mass_8way,1024,numbers,21
0.11804760882114351,0.10908915861000423,0.11352358865769929,requested_mass_8way,1024,numbers,22
0.5353072691214038,0.5141831574292155,0.5251121023029555,requested_mass_8way,1024,numbers,23
0.8776924193371087,0.8690876581240445,0.8734900053823367,requested_mass_8way,1024,numbers,24
0.8221848031826084,0.7972578359767795,0.8103169637470273,requested_mass_8way,1024,numbers,25
0.7696185841487022,0.7436218068469316,0.7570533913531108,requested_mass_8way,1024,numbers,26
0.7510474246264494,0.7227360157157818,0.7372413630037045,requested_mass_8way,1024,numbers,27
0.44863234127524265,0.40366898069737545,0.42588874644025054,requested_mass_8way,1024,numbers,28
0.7385392457881608,0.6960839503117313,0.718064499461434,requested_mass_8way,1024,numbers,29
0.6795519628193141,0.6296932417448993,0.654441683715671,requested_mass_8way,1024,numbers,30
0.8045935724305764,0.7635860673189256,0.7840597023087241,requested_mass_8way,1024,numbers,31
0.8263368855990336,0.7873722036951847,0.8080301353773791,requested_mass_8way,1024,numbers,32
0.8805757124139291,0.8481885250414507,0.8647075244725784,requested_mass_8way,1024,numbers,33
0.7957764235526383,0.7537425309461696,0.7749389053122968,requested_mass_8way,1024,numbers,34
0.8534364581046248,0.8173652477739779,0.836132406999468,requested_mass_8way,1024,numbers,35
0.8950316831233458,0.8620179580533911,0.8792481698860658,requested_mass_8way,1024,numbers,36
0.4957945942878723,0.4957945942878723,0.4957945942878723,requested_mass_8way,1024,rare_letters,0
0.4809989523200784,0.4782683657249436,0.4796009092242457,requested_mass_8way,1024,rare_letters,1
0.649873846792616,0.6474464763887227,0.6486533268471248,requested_mass_8way,1024,rare_letters,2
0.8432561822701246,0.8417581843677908,0.8425096568535082,requested_mass_8way,1024,rare_letters,3
0.7220661870087497,0.7196009415783919,0.7208713289001025,requested_mass_8way,1024,rare_letters,4
0.664687224838417,0.6612929804832675,0.6630082457559183,requested_mass_8way,1024,rare_letters,5
0.47874149470590055,0.4752073668350931,0.4769651551032439,requested_mass_8way,1024,rare_letters,6
0.5362620048108511,0.5333711903367657,0.5347960834333207,requested_mass_8way,1024,rare_letters,7
0.5669271911319811,0.5630766160320491,0.5649121709575411,requested_mass_8way,1024,rare_letters,8
0.7259318084106781,0.7224950547097251,0.7242268201080151,requested_mass_8way,1024,rare_letters,9
0.862496116606053,0.8605251702829264,0.8615052470704541,requested_mass_8way,1024,rare_letters,10
0.6439214252750389,0.6399058730457909,0.641926669399254,requested_mass_8way,1024,rare_letters,11
0.5793746324488893,0.5741003277944401,0.5767463494848926,requested_mass_8way,1024,rare_letters,12
0.8501444567809813,0.84754961571889,0.8488563247956336,requested_mass_8way,1024,rare_letters,13
0.9352816105820239,0.9332731107133441,0.9343078076490201,requested_mass_8way,1024,rare_letters,14
0.9123591904644854,0.9108401496778242,0.9116194632370025,requested_mass_8way,1024,rare_letters,15
0.8295362853095867,0.823995336832013,0.8267604638822377,requested_mass_8way,1024,rare_letters,16
0.742698275949806,0.7296585271833465,0.7362786006415263,requested_mass_8way,1024,rare_letters,17
0.5610046816291288,0.5507975838845596,0.5558228349254932,requested_mass_8way,1024,rare_letters,18
0.6487736581475474,0.639459234313108,0.6440914140257519,requested_mass_8way,1024,rare_letters,19
0.5346820014237892,0.5248224256793037,0.5297960281895939,requested_mass_8way,1024,rare_letters,20
0.21104132733671577,0.200638893948053,0.2060936350353586,requested_mass_8way,1024,rare_letters,21
0.2123562851738825,0.1997487052794895,0.2059201380907325,requested_mass_8way,1024,rare_letters,22
0.24167970613052603,0.22275695747157442,0.23218802870542277,requested_mass_8way,1024,rare_letters,23
0.213370201878206,0.19788486626384838,0.205644636263969,requested_mass_8way,1024,rare_letters,24
0.43382420850775816,0.3927983359189966,0.4130985134506773,requested_mass_8way,1024,rare_letters,25
0.18154019419330325,0.1532598802401708,0.16739590916165525,requested_mass_8way,1024,rare_letters,26
0.17742041474048165,0.1519607902152984,0.1647036328312197,requested_mass_8way,1024,rare_letters,27
0.10292476529599526,0.0798754737934928,0.09141222379187752,requested_mass_8way,1024,rare_letters,28
0.08100253677426394,0.06532810074671147,0.07281106693491779,requested_mass_8way,1024,rare_letters,29
0.9872933738515712,0.9811222407297464,0.9844942371855723,requested_mass_8way,1024,rare_letters,30
0.9836730929091573,0.9768759826256428,0.9805392930429662,requested_mass_8way,1024,rare_letters,31
0.9945375521783717,0.9895258620235836,0.9922638658281357,requested_mass_8way,1024,rare_letters,32
0.9958805068745278,0.9899622946322779,0.9932147456765961,requested_mass_8way,1024,rare_letters,33
0.9887237198709045,0.9801941647201602,0.9847993400153428,requested_mass_8way,1024,rare_letters,34
0.9912907994585112,0.9829100557981292,0.9874233565715258,requested_mass_8way,1024,rare_letters,35
0.9897308434447041,0.9803415556089021,0.9854667173713096,requested_mass_8way,1024,rare_letters,36
