frac_content,frac_none,frac_other,frac_position,layer,n,site
0.0,0.9957716701902748,0.0021141649048625794,0.0021141649048625794,0,473,resid_post
0.0,0.9936575052854123,0.0021141649048625794,0.004228329809725159,1,473,resid_post
0.0,0.9957716701902748,0.0021141649048625794,0.0021141649048625794,2,473,resid_post
0.0,0.9957716701902748,0.0021141649048625794,0.0021141649048625794,3,473,resid_post
0.0,0.9957716701902748,0.0021141649048625794,0.0021141649048625794,4,473,resid_post
0.0,0.9957716701902748,0.0021141649048625794,0.0021141649048625794,5,473,resid_post
0.0,0.9957716701902748,0.0021141649048625794,0.0021141649048625794,6,473,resid_post
0.0,0.9957716701902748,0.0021141649048625794,0.0021141649048625794,7,473,resid_post
0.0,0.9957716701902748,0.0021141649048625794,0.0021141649048625794,8,473,resid_post
0.0,0.9957716701902748,0.0021141649048625794,0.0021141649048625794,9,473,resid_post
0.0,0.9957716701902748,0.0021141649048625794,0.0021141649048625794,10,473,resid_post
0.0,0.9957716701902748,0.0021141649048625794,0.0021141649048625794,11,473,resid_post
0.0,0.9957716701902748,0.0021141649048625794,0.0021141649048625794,12,473,resid_post
0.0,0.9957716701902748,0.0021141649048625794,0.0021141649048625794,13,473,resid_post
0.0,0.9936575052854123,0.0021141649048625794,0.004228329809725159,14,473,resid_post
0.0,0.9957716701902748,0.0021141649048625794,0.0021141649048625794,15,473,resid_post
0.0,0.9957716701902748,0.0021141649048625794,0.0021141649048625794,16,473,resid_post
0.0,0.9957716701902748,0.0021141649048625794,0.0021141649048625794,17,473,resid_post
0.0,0.9957716701902748,0.0021141649048625794,0.0021141649048625794,18,473,resid_post
0.0,0.9957716701902748,0.0021141649048625794,0.0021141649048625794,19,473,resid_post
0.0,0.9936575052854123,0.004228329809725159,0.0021141649048625794,20,473,resid_post
0.0,0.9936575052854123,0.004228329809725159,0.0021141649048625794,21,473,resid_post
0.0,0.9957716701902748,0.0021141649048625794,0.0021141649048625794,22,473,resid_post
0.006342494714587738,0.9915433403805497,0.0021141649048625794,0.0,23,473,resid_post
0.03382663847780127,0.7293868921775899,0.008456659619450317,0.22832980972515857,24,473,resid_post
0.03382663847780127,0.7040169133192389,0.008456659619450317,0.2536997885835095,25,473,resid_post
0.035940803382663845,0.5792811839323467,0.010570824524312896,0.37420718816067655,26,473,resid_post
0.03805496828752643,0.49471458773784355,0.016913319238900635,0.4503171247357294,27,473,resid_post
0.040169133192389,0.3953488372093023,0.019027484143763214,0.5454545454545454,28,473,resid_post
0.046511627906976744,0.21775898520084566,0.03171247357293869,0.7040169133192389,29,473,resid_post
0.035940803382663845,0.12473572938689217,0.035940803382663845,0.8033826638477801,30,473,resid_post
0.03805496828752643,0.12050739957716702,0.03805496828752643,0.8033826638477801,31,473,resid_post
0.03805496828752643,0.11627906976744186,0.03805496828752643,0.8076109936575053,32,473,resid_post
0.035940803382663845,0.11416490486257928,0.03805496828752643,0.8118393234672304,33,473,resid_post
0.040169133192389,0.10570824524312897,0.040169133192389,0.813953488372093,34,473,resid_post
0.0,0.0,0.0,1.0,35,473,resid_post
