ci_high,ci_low,contrast_type,layer,mean,metric,n
0.0032512226448419344,0.00033399868741576554,content,0,0.0018474504254825197,normalized_recovery,474
0.002238530917209205,-0.0005631043416819726,content,1,0.0008629436006192847,normalized_recovery,474
0.00304508874355718,0.00022859725846725466,content,2,0.0016381035598659398,normalized_recovery,474
0.0023305123726012574,-0.0005842293591395358,content,3,0.0008881455275543091,normalized_recovery,474
0.003298466493980809,5.745073991717833e-05,content,4,0.0016867112816192974,normalized_recovery,474
0.003486471959412704,0.00033839209918547073,content,5,0.0018813318755203574,normalized_recovery,474
0.0030204790333762162,0.00016701486111611643,content,6,0.0015844391802552486,normalized_recovery,474
0.0034036776360390248,-0.00013090411741596117,content,7,0.0016013424821682823,normalized_recovery,474
0.0034343559028584556,0.00042226773359952573,content,8,0.0019206203211899816,normalized_recovery,474
0.004147626778178354,0.0008254045071206434,content,9,0.0023811799620065883,normalized_recovery,474
0.003754458051274874,0.000697524172636727,content,10,0.002203581131247008,normalized_recovery,474
0.0031846351486348786,-2.152609292970171e-05,content,11,0.0015003840616776086,normalized_recovery,474
0.004085787992291854,0.0006788216119376529,content,12,0.0023583638695102386,normalized_recovery,474
0.0034241756728013253,0.00023780165047599836,content,13,0.0017923699098216926,normalized_recovery,474
0.004305116940387544,0.0011029113718884322,content,14,0.0027419298419953603,normalized_recovery,474
0.0031606209977021356,0.000166138707554238,content,15,0.00167583024926577,normalized_recovery,474
0.003389882963660628,0.0003871852922866898,content,16,0.0018740018353649221,normalized_recovery,474
0.003911688588976548,0.0005352766685830774,content,17,0.002168636312723571,normalized_recovery,474
0.003807605234073014,0.00014255264495860378,content,18,0.001936363972785817,normalized_recovery,474
0.002915724738861775,-0.0010612448758145442,content,19,0.0008852887480328562,normalized_recovery,474
0.006366808615145154,0.0005410043282587572,content,20,0.0034485837686724767,normalized_recovery,474
0.01744372140696729,0.008359315602195787,content,21,0.012925959022863195,normalized_recovery,474
0.037210787058685475,0.024481003953405314,content,22,0.0307136073296671,normalized_recovery,474
0.10631848667791902,0.08384337278562559,content,23,0.0949490163316933,normalized_recovery,474
0.24484893754189263,0.20795910756360245,content,24,0.2262920326582575,normalized_recovery,474
0.2566795414395972,0.2170407209033504,content,25,0.2371402113693514,normalized_recovery,474
0.3102908577837001,0.27038070488307553,content,26,0.29058394686449635,normalized_recovery,474
0.3781072714050315,0.3289273897973133,content,27,0.35372792618138543,normalized_recovery,474
0.34811067167047777,0.3007239636181326,content,28,0.3255900010542588,normalized_recovery,474
0.37825210434168743,0.3326339618311453,content,29,0.35671490602313854,normalized_recovery,474
0.46894906200119735,0.42424438410999715,content,30,0.44724246797979234,normalized_recovery,474
0.5281430768368869,0.48302091661570773,content,31,0.5066678434491273,normalized_recovery,474
0.5913777960583163,0.5465099012286323,content,32,0.5694765421187008,normalized_recovery,474
0.672649821788108,0.6238992192232948,content,33,0.6483034576903984,normalized_recovery,474
0.9150284135206403,0.8896735375537511,content,34,0.9027071744799307,normalized_recovery,474
1.0,1.0,content,35,1.0,normalized_recovery,474
0.0016033837134027675,-0.00019717344969472856,content_and_position,0,0.0006708203897502762,normalized_recovery,476
0.0016989259232593407,2.868471129325224e-05,content_and_position,1,0.000802237072385527,normalized_recovery,476
0.0011517422634231434,-0.0005317123727961063,content_and_position,2,0.00032144696402231155,normalized_recovery,476
0.0013821823088838365,-0.00038928967123436135,content_and_position,3,0.0004652211888850314,normalized_recovery,476
0.0015128977817742177,-8.633062777799821e-05,content_and_position,4,0.0006599481679393074,normalized_recovery,476
0.0017154534818478748,-0.00010144212873543646,content_and_position,5,0.0007874166239790016,normalized_recovery,476
0.0014522543178181857,-0.00018107213827979476,content_and_position,6,0.0006555320617814125,normalized_recovery,476
0.0016159214886115017,-0.00020859654592045884,content_and_position,7,0.0006709811938842699,normalized_recovery,476
0.0013552027098774075,-0.0003966896363233594,content_and_position,8,0.0004713926905464343,normalized_recovery,476
0.0015664675843463512,-0.00019654139653123005,content_and_position,9,0.0006514610491618964,normalized_recovery,476
0.0009771495851948705,-0.0008110261623451125,content_and_position,10,4.4521118913524856e-05,normalized_recovery,476
0.001582488817417655,-0.00017313697313316585,content_and_position,11,0.0006681262741193189,normalized_recovery,476
0.0013241885441555086,-0.00026659728844390416,content_and_position,12,0.0005196607555128447,normalized_recovery,476
0.0012724436104615431,-0.0005300984069881483,content_and_position,13,0.00037040185311021894,normalized_recovery,476
0.0010709543128843884,-0.000567966398429016,content_and_position,14,0.00023640380352288727,normalized_recovery,476
0.001374324946684983,-0.00027941191084050266,content_and_position,15,0.000544234088653156,normalized_recovery,476
0.0015221858913544086,-0.0003055797386738893,content_and_position,16,0.000566832296351954,normalized_recovery,476
0.0017545083021209224,2.4152489138419125e-05,content_and_position,17,0.0008393191554024494,normalized_recovery,476
0.0018048484470857987,-4.7238855240248525e-05,content_and_position,18,0.0008544174873906394,normalized_recovery,476
0.0025971385278392256,0.0007574360390825307,content_and_position,19,0.0016343036507938387,normalized_recovery,476
0.003454422974868811,0.0005195573535879558,content_and_position,20,0.0019761417505182776,normalized_recovery,476
0.008900217697415076,0.004453164365583105,content_and_position,21,0.006589210826393471,normalized_recovery,476
0.013178231460620528,0.0060920739412943,content_and_position,22,0.009450824441025085,normalized_recovery,476
0.024440583506621878,0.013671850950171031,content_and_position,23,0.018787069843778516,normalized_recovery,476
0.3881721267422771,0.36705719812865006,content_and_position,24,0.3772929780908841,normalized_recovery,476
0.40050143978785735,0.3795045629651169,content_and_position,25,0.3896638938490664,normalized_recovery,476
0.4415525448307027,0.4199128951246119,content_and_position,26,0.4302868984808953,normalized_recovery,476
0.4775739362296122,0.4552004708181609,content_and_position,27,0.4660251259559904,normalized_recovery,476
0.5066605594500014,0.48316148549788324,content_and_position,28,0.49446252661073614,normalized_recovery,476
0.5873993121183783,0.562806375348627,content_and_position,29,0.5745163540903471,normalized_recovery,476
0.7231814272042926,0.6950233418466951,content_and_position,30,0.7088731405700186,normalized_recovery,476
0.7245054469007363,0.6963710700753559,content_and_position,31,0.7103214915181604,normalized_recovery,476
0.7354634949520658,0.7069508749636864,content_and_position,32,0.7208318276946524,normalized_recovery,476
0.7398655492520368,0.7108786948728718,content_and_position,33,0.7248651688219775,normalized_recovery,476
0.7685756989888587,0.7393708502157638,content_and_position,34,0.7535642569616735,normalized_recovery,476
1.0001003188343343,0.9999591556496927,content_and_position,35,1.0000228174780603,normalized_recovery,476
0.0014592127972197857,0.00017493112849442362,position,0,0.0008159717372421365,normalized_recovery,958
0.0009156900687546995,-0.0004785788792230851,position,1,0.0002537977799665385,normalized_recovery,958
0.0011406466726784715,-0.00016180503492562053,position,2,0.0005069403009773477,normalized_recovery,958
0.0012126867612615483,-0.0002671116638627078,position,3,0.0004803388471031438,normalized_recovery,958
0.0013154705364906286,-0.00013732817004687533,position,4,0.0005847749961917907,normalized_recovery,958
0.0010666234312491217,-0.0003342906706129488,position,5,0.0003981283069258718,normalized_recovery,958
0.0014334447076057434,-0.000112672185664616,position,6,0.00061959981126332,normalized_recovery,958
0.0012897857776648257,-2.3665305941263732e-05,position,7,0.000665177741796657,normalized_recovery,958
0.001019728331647324,-0.0003858388917477858,position,8,0.00033286537956036757,normalized_recovery,958
0.0010696434602626348,-0.0004875091512217099,position,9,0.00028726800830034807,normalized_recovery,958
0.0010351182390259397,-0.00033170473843711044,position,10,0.00034677605796284224,normalized_recovery,958
0.0013536350396229253,-0.0003074768154000356,position,11,0.00048245110972995365,normalized_recovery,958
0.0010224417635858528,-0.0002865366832199028,position,12,0.0003800379667187052,normalized_recovery,958
0.0010997422753002892,-0.0004577503227772442,position,13,0.00032230332066181434,normalized_recovery,958
0.0010368556448749442,-0.00044041596679315795,position,14,0.00033101402397888943,normalized_recovery,958
0.0007778296819148672,-0.00046708178091000533,position,15,0.00015657448660115304,normalized_recovery,958
0.0011446030546078151,-0.0002911479059667915,position,16,0.00044666794311296195,normalized_recovery,958
0.0015136434241192506,5.86951118634315e-05,position,17,0.0007440818893054312,normalized_recovery,958
0.0011732654203574938,-0.00028094606390452443,position,18,0.0004507903462198272,normalized_recovery,958
0.0011958916340651664,-0.00037767384359474145,position,19,0.0004281495182337737,normalized_recovery,958
0.001518052777881235,-0.0003606834160591873,position,20,0.0005820875919516949,normalized_recovery,958
0.0027695768060970742,0.0006163740625449247,position,21,0.0017162654670908333,normalized_recovery,958
0.0037562099430474903,0.0008302601117607062,position,22,0.0023726075459645224,normalized_recovery,958
0.005768569517233999,0.002352648491090778,position,23,0.004094679955578212,normalized_recovery,958
0.36675349858403344,0.35036620772436167,position,24,0.3586238391546227,normalized_recovery,958
0.36702986492773704,0.3512454835225266,position,25,0.3591063192791903,normalized_recovery,958
0.4086382833359564,0.3918736747430087,position,26,0.4002676528652639,normalized_recovery,958
0.4458042112823992,0.4277210081311536,position,27,0.4366902007184543,normalized_recovery,958
0.47519807734661884,0.4560408412176719,position,28,0.4656998920495931,normalized_recovery,958
0.5626118977566266,0.5413112364972665,position,29,0.5519634269250301,normalized_recovery,958
0.6963898273343412,0.6717277897042664,position,30,0.684328580921649,normalized_recovery,958
0.6981690749811604,0.6732583211247283,position,31,0.68599492037499,normalized_recovery,958
0.7090283531845534,0.6838549211830214,position,32,0.6968747288037768,normalized_recovery,958
0.7129673617711134,0.6873318638111935,position,33,0.7005665720215523,normalized_recovery,958
0.7448345342623762,0.7197270237729854,position,34,0.7325027521922066,normalized_recovery,958
1.0000710323668696,0.9999804500304189,position,35,1.0000223411848341,normalized_recovery,958
0.002449012317874668,-0.0008581943159652812,random_pair,0,0.0007755427970564891,normalized_recovery,114
0.0021660485540527553,-0.0009678132578411633,random_pair,1,0.0006246762596576866,normalized_recovery,114
0.0019546188235834254,-0.0013534090005889942,random_pair,2,0.00035574741457797824,normalized_recovery,114
0.0028289167739224594,-0.001071442265974579,random_pair,3,0.0009443928292951946,normalized_recovery,114
0.0026865753288746043,-0.0017379634770423795,random_pair,4,0.0005922550067639683,normalized_recovery,114
0.0032076932458086336,-0.000698145800663471,random_pair,5,0.0012542851432585456,normalized_recovery,114
0.0022076110451040606,-0.001373629662103239,random_pair,6,0.0005450189225343938,normalized_recovery,114
0.0026158770704984425,-0.0010024880625301123,random_pair,7,0.0007666078526193337,normalized_recovery,114
0.00284205488882587,-0.001264777324758327,random_pair,8,0.0008226484945479086,normalized_recovery,114
0.003717936030320665,-0.0006095544244228342,random_pair,9,0.0015180179074119457,normalized_recovery,114
0.003277322023977113,-0.0010122370277182674,random_pair,10,0.0010884846285538583,normalized_recovery,114
0.005174768954415073,0.0006301618616969233,random_pair,11,0.0028884915813361936,normalized_recovery,114
0.005868782677984609,0.0012058361614155854,random_pair,12,0.0035380582668910958,normalized_recovery,114
0.0058638371042647654,0.0008769782883150101,random_pair,13,0.0034074183225605123,normalized_recovery,114
0.004990189092152225,-2.633188504766733e-05,random_pair,14,0.0025056367139345997,normalized_recovery,114
0.004246042788680204,-0.0008480991551324777,random_pair,15,0.0017331262757327422,normalized_recovery,114
0.004541672062472509,-0.0012463592578022278,random_pair,16,0.0017254854339800606,normalized_recovery,114
0.004554776875958714,-0.0021447538794518812,random_pair,17,0.0011046555190258724,normalized_recovery,114
0.007715986816248484,-0.0011690210321121076,random_pair,18,0.003093211538322388,normalized_recovery,114
0.014284954252343884,0.0006286655906182826,random_pair,19,0.007124285256448123,normalized_recovery,114
0.03062859326422648,0.0031559239630402115,random_pair,20,0.01631309018754521,normalized_recovery,114
0.06530052036699913,0.027263113054103647,random_pair,21,0.04544442477386794,normalized_recovery,114
0.07448811137014472,0.02862714365558202,random_pair,22,0.05019587966477979,normalized_recovery,114
0.09565150230131153,0.03943945612023196,random_pair,23,0.06615629108311188,normalized_recovery,114
0.47425771903192615,0.42627018822878127,random_pair,24,0.4493337105288785,normalized_recovery,114
0.5263831463398743,0.47491369923754756,random_pair,25,0.5001174544401762,normalized_recovery,114
0.5632155694480155,0.5125225293816753,random_pair,26,0.5377570656622016,normalized_recovery,114
0.6046374117437289,0.5541902643568226,random_pair,27,0.57902802903499,normalized_recovery,114
0.6322518514275318,0.5821471468697909,random_pair,28,0.6070763177612565,normalized_recovery,114
0.6859294466307417,0.6382993563478897,random_pair,29,0.6617335325181993,normalized_recovery,114
0.8021702809757317,0.7515565310194096,random_pair,30,0.7765581118181585,normalized_recovery,114
0.8032649424677968,0.7531106902026284,random_pair,31,0.7777400122809612,normalized_recovery,114
0.80764340826958,0.7576379103401585,random_pair,32,0.7822358627135952,normalized_recovery,114
0.8093378904461453,0.7597659136516337,random_pair,33,0.7842986331492321,normalized_recovery,114
0.8211667506515149,0.7744378445909034,random_pair,34,0.7979762407181059,normalized_recovery,114
1.0,0.9997975708502024,random_pair,35,0.9999325236167341,normalized_recovery,114
0.003131524008350731,0.0,position,0,0.0010438413361169101,flip_to_donor,958
0.003131524008350731,0.0,position,1,0.0010438413361169101,flip_to_donor,958
0.003131524008350731,0.0,position,2,0.0010438413361169101,flip_to_donor,958
0.003131524008350731,0.0,position,3,0.0010438413361169101,flip_to_donor,958
0.003131524008350731,0.0,position,4,0.0010438413361169101,flip_to_donor,958
0.003131524008350731,0.0,position,5,0.0010438413361169101,flip_to_donor,958
0.003131524008350731,0.0,position,6,0.0010438413361169101,flip_to_donor,958
0.003131524008350731,0.0,position,7,0.0010438413361169101,flip_to_donor,958
0.003131524008350731,0.0,position,8,0.0010438413361169101,flip_to_donor,958
0.003131524008350731,0.0,position,9,0.0010438413361169101,flip_to_donor,958
0.003131524008350731,0.0,position,10,0.0010438413361169101,flip_to_donor,958
0.003131524008350731,0.0,position,11,0.0010438413361169101,flip_to_donor,958
0.003131524008350731,0.0,position,12,0.0010438413361169101,flip_to_donor,958
0.003131524008350731,0.0,position,13,0.0010438413361169101,flip_to_donor,958
0.003131524008350731,0.0,position,14,0.0010438413361169101,flip_to_donor,958
0.003131524008350731,0.0,position,15,0.0010438413361169101,flip_to_donor,958
0.003131524008350731,0.0,position,16,0.0010438413361169101,flip_to_donor,958
0.003131524008350731,0.0,position,17,0.0010438413361169101,flip_to_donor,958
0.003131524008350731,0.0,position,18,0.0010438413361169101,flip_to_donor,958
0.0,0.0,position,19,0.0,flip_to_donor,958
0.0,0.0,position,20,0.0,flip_to_donor,958
0.0,0.0,position,21,0.0,flip_to_donor,958
0.003131524008350731,0.0,position,22,0.0010438413361169101,flip_to_donor,958
0.003131524008350731,0.0,position,23,0.0010438413361169101,flip_to_donor,958
0.20876826722338204,0.15970772442588727,position,24,0.1837160751565762,flip_to_donor,958
0.1951983298538622,0.14718162839248433,position,25,0.17014613778705637,flip_to_donor,958
0.3288100208768267,0.27035490605427975,position,26,0.29958246346555323,flip_to_donor,958
0.4342379958246347,0.3705636743215031,position,27,0.40292275574112735,flip_to_donor,958
0.5167014613778705,0.45407098121085593,position,28,0.48538622129436326,flip_to_donor,958
0.6805845511482255,0.6200417536534447,position,29,0.6524008350730689,flip_to_donor,958
0.8256784968684759,0.7755741127348643,position,30,0.8016701461377871,flip_to_donor,958
0.8215031315240083,0.7724425887265136,position,31,0.7974947807933194,flip_to_donor,958
0.8256784968684759,0.7755741127348643,position,32,0.8016701461377871,flip_to_donor,958
0.8256784968684759,0.7755741127348643,position,33,0.8016701461377871,flip_to_donor,958
0.8329853862212944,0.7860125260960334,position,34,0.8100208768267223,flip_to_donor,958
1.0,1.0,position,35,1.0,flip_to_donor,958
0.0,0.0,random_pair,0,0.0,flip_to_donor,114
0.0,0.0,random_pair,1,0.0,flip_to_donor,114
0.0,0.0,random_pair,2,0.0,flip_to_donor,114
0.0,0.0,random_pair,3,0.0,flip_to_donor,114
0.0,0.0,random_pair,4,0.0,flip_to_donor,114
0.0,0.0,random_pair,5,0.0,flip_to_donor,114
0.0,0.0,random_pair,6,0.0,flip_to_donor,114
0.0,0.0,random_pair,7,0.0,flip_to_donor,114
0.0,0.0,random_pair,8,0.0,flip_to_donor,114
0.0,0.0,random_pair,9,0.0,flip_to_donor,114
0.0,0.0,random_pair,10,0.0,flip_to_donor,114
0.0,0.0,random_pair,11,0.0,flip_to_donor,114
0.0,0.0,random_pair,12,0.0,flip_to_donor,114
0.0,0.0,random_pair,13,0.0,flip_to_donor,114
0.0,0.0,random_pair,14,0.0,flip_to_donor,114
0.0,0.0,random_pair,15,0.0,flip_to_donor,114
0.0,0.0,random_pair,16,0.0,flip_to_donor,114
0.0,0.0,random_pair,17,0.0,flip_to_donor,114
0.0,0.0,random_pair,18,0.0,flip_to_donor,114
0.0,0.0,random_pair,19,0.0,flip_to_donor,114
0.0,0.0,random_pair,20,0.0,flip_to_donor,114
0.0,0.0,random_pair,21,0.0,flip_to_donor,114
0.0,0.0,random_pair,22,0.0,flip_to_donor,114
0.03508771929824561,0.0,random_pair,23,0.008771929824561403,flip_to_donor,114
0.4473684210526316,0.2719298245614035,random_pair,24,0.35964912280701755,flip_to_donor,114
0.5087719298245614,0.3333333333333333,random_pair,25,0.42105263157894735,flip_to_donor,114
0.5877192982456141,0.40350877192982454,random_pair,26,0.5,flip_to_donor,114
0.6578947368421053,0.47368421052631576,random_pair,27,0.5701754385964912,flip_to_donor,114
0.6929824561403509,0.5175438596491229,random_pair,28,0.6052631578947368,flip_to_donor,114
0.7543859649122807,0.5877192982456141,random_pair,29,0.6754385964912281,flip_to_donor,114
0.8859649122807017,0.7456140350877193,random_pair,30,0.8157894736842105,flip_to_donor,114
0.8947368421052632,0.7543859649122807,random_pair,31,0.8245614035087719,flip_to_donor,114
0.8771929824561403,0.7368421052631579,random_pair,32,0.8157894736842105,flip_to_donor,114
0.8771929824561403,0.7368421052631579,random_pair,33,0.8157894736842105,flip_to_donor,114
0.8947368421052632,0.7543859649122807,random_pair,34,0.8245614035087719,flip_to_donor,114
1.0,1.0,random_pair,35,1.0,flip_to_donor,114
0.014252092050209206,-0.013336820083682008,identity,0,0.0005230125523012552,recipient_margin_change,956
0.015101987447698745,-0.013794456066945607,identity,1,0.0011114016736401674,recipient_margin_change,956
0.010591004184100418,-0.01778242677824268,identity,2,-0.003334205020920502,recipient_margin_change,956
0.010198744769874478,-0.016344142259414225,identity,3,-0.0031380753138075313,recipient_margin_change,956
0.011244769874476987,-0.016213389121338913,identity,4,-0.001961297071129707,recipient_margin_change,956
0.007845188284518828,-0.022620292887029287,identity,5,-0.006864539748953975,recipient_margin_change,956
0.01268305439330544,-0.015690376569037656,identity,6,-0.0015690376569037657,recipient_margin_change,956
0.021443514644351465,-0.007714435146443515,identity,7,0.006929916317991632,recipient_margin_change,956
0.01752092050209205,-0.010591004184100418,identity,8,0.0038572175732217574,recipient_margin_change,956
0.011637029288702928,-0.01712866108786611,identity,9,-0.002615062761506276,recipient_margin_change,956
0.012944560669456068,-0.014840481171548117,identity,10,-0.0005883891213389122,recipient_margin_change,956
0.019743723849372386,-0.010198744769874478,identity,11,0.005033995815899582,recipient_margin_change,956
0.016736401673640166,-0.011506276150627616,identity,12,0.0030073221757322176,recipient_margin_change,956
0.015821129707112972,-0.011637029288702928,identity,13,0.0024189330543933052,recipient_margin_change,956
0.016932531380753138,-0.012944560669456068,identity,14,0.0025496861924686194,recipient_margin_change,956
0.021443514644351465,-0.006472280334728034,identity,15,0.007126046025104603,recipient_margin_change,956
0.01032949790794979,-0.01817468619246862,identity,16,-0.0036610878661087866,recipient_margin_change,956
0.01627876569037657,-0.013402196652719665,identity,17,0.0016344142259414225,recipient_margin_change,956
0.016605648535564854,-0.011898535564853556,identity,18,0.0024189330543933052,recipient_margin_change,956
0.013990585774058577,-0.018436192468619248,identity,19,-0.001961297071129707,recipient_margin_change,956
0.023143305439330544,-0.011898535564853556,identity,20,0.005753138075313808,recipient_margin_change,956
0.020855125523012552,-0.021966527196652718,identity,21,-0.0009806485355648535,recipient_margin_change,956
0.027850418410041843,-0.023797071129707113,identity,22,0.0016344142259414225,recipient_margin_change,956
0.031119246861924688,-0.026542887029288705,identity,23,0.0023535564853556486,recipient_margin_change,956
1.3270135983263598,1.0966265690376569,identity,24,1.2066553347280335,recipient_margin_change,956
1.298770920502092,1.0664225941422594,identity,25,1.1801124476987448,recipient_margin_change,956
1.3198221757322175,1.0635460251046025,identity,26,1.1851464435146444,recipient_margin_change,956
1.3316553347280335,1.0647228033472804,identity,27,1.1927955020920502,recipient_margin_change,956
1.3161610878661087,1.0443253138075315,identity,28,1.1754053347280335,recipient_margin_change,956
1.0651150627615062,0.7836035564853556,identity,29,0.9182139121338913,recipient_margin_change,956
0.6640298117154811,0.37434623430962344,identity,30,0.5162787656903766,recipient_margin_change,956
0.678543410041841,0.3876830543933054,identity,31,0.5315768828451883,recipient_margin_change,956
0.5987186192468619,0.31184623430962344,identity,32,0.4520789748953975,recipient_margin_change,956
0.5726333682008368,0.2852379707112971,identity,33,0.4284126569037657,recipient_margin_change,956
0.3899058577405858,0.10492939330543934,identity,34,0.24640428870292888,recipient_margin_change,956
0.15991108786610878,-0.1567076359832636,identity,35,0.0,recipient_margin_change,956
