ci_high,ci_low,layer,mean,metric,n,site
0.021484375,-0.0380859375,0,-0.0087890625,margin_drop,128,attn
0.021484375,-0.046875,1,-0.01171875,margin_drop,128,attn
0.0322265625,-0.029296875,2,0.0009765625,margin_drop,128,attn
0.03515625,-0.0224609375,3,0.005859375,margin_drop,128,attn
0.037109375,-0.025390625,4,0.0078125,margin_drop,128,attn
0.0302734375,-0.0361328125,5,-0.0029296875,margin_drop,128,attn
0.021484375,-0.05078125,6,-0.013671875,margin_drop,128,attn
0.01953125,-0.046875,7,-0.013671875,margin_drop,128,attn
0.03125,-0.0302734375,8,0.0,margin_drop,128,attn
0.046875,-0.0234375,9,0.01171875,margin_drop,128,attn
0.0224609375,-0.0439453125,10,-0.01171875,margin_drop,128,attn
0.041015625,-0.03125,11,0.0029296875,margin_drop,128,attn
0.02734375,-0.048828125,12,-0.01171875,margin_drop,128,attn
0.025390625,-0.05078125,13,-0.013671875,margin_drop,128,attn
0.00390625,-0.0810546875,14,-0.0390625,margin_drop,128,attn
-0.0068359375,-0.0673828125,15,-0.037109375,margin_drop,128,attn
0.09375,0.005859375,16,0.046875,margin_drop,128,attn
0.0185546875,-0.080078125,17,-0.0322265625,margin_drop,128,attn
0.0703125,-0.03515625,18,0.0166015625,margin_drop,128,attn
0.083984375,-0.0263671875,19,0.029296875,margin_drop,128,attn
0.171875,-0.0146484375,20,0.0712890625,margin_drop,128,attn
0.5400390625,0.1953125,21,0.3583984375,margin_drop,128,attn
0.31640625,0.041015625,22,0.1728515625,margin_drop,128,attn
0.4833984375,0.0537109375,23,0.2578125,margin_drop,128,attn
6.4228515625,4.73046875,24,5.5546875,margin_drop,128,attn
-0.1826171875,-0.4638671875,25,-0.310546875,margin_drop,128,attn
0.4365234375,0.2529296875,26,0.341796875,margin_drop,128,attn
0.517578125,0.29296875,27,0.4052734375,margin_drop,128,attn
0.16015625,0.0166015625,28,0.087890625,margin_drop,128,attn
1.390625,0.859375,29,1.1181640625,margin_drop,128,attn
1.80078125,1.2685546875,30,1.52734375,margin_drop,128,attn
-0.0234375,-0.115234375,31,-0.068359375,margin_drop,128,attn
0.099609375,-0.060546875,32,0.017578125,margin_drop,128,attn
0.0830078125,-0.0341796875,33,0.0234375,margin_drop,128,attn
-0.0517578125,-0.4111328125,34,-0.234375,margin_drop,128,attn
2.498046875,1.201171875,35,1.859375,margin_drop,128,attn
0.01171875,-0.0517578125,0,-0.0205078125,margin_drop,128,mlp
0.0146484375,-0.046875,1,-0.015625,margin_drop,128,mlp
0.025390625,-0.0380859375,2,-0.0068359375,margin_drop,128,mlp
0.0244140625,-0.037109375,3,-0.0068359375,margin_drop,128,mlp
0.0361328125,-0.0263671875,4,0.0048828125,margin_drop,128,mlp
0.0234375,-0.0322265625,5,-0.00390625,margin_drop,128,mlp
0.0498046875,-0.013671875,6,0.017578125,margin_drop,128,mlp
0.037109375,-0.02734375,7,0.005859375,margin_drop,128,mlp
0.0244140625,-0.0546875,8,-0.015625,margin_drop,128,mlp
0.0517578125,-0.0185546875,9,0.0166015625,margin_drop,128,mlp
0.0302734375,-0.048828125,10,-0.009765625,margin_drop,128,mlp
0.0400390625,-0.0263671875,11,0.005859375,margin_drop,128,mlp
0.0107421875,-0.060546875,12,-0.0244140625,margin_drop,128,mlp
0.0615234375,-0.0205078125,13,0.0205078125,margin_drop,128,mlp
0.0751953125,-0.013671875,14,0.0283203125,margin_drop,128,mlp
0.0341796875,-0.03515625,15,-0.0009765625,margin_drop,128,mlp
0.0869140625,-0.0185546875,16,0.03125,margin_drop,128,mlp
0.0380859375,-0.05078125,17,-0.0068359375,margin_drop,128,mlp
0.052734375,-0.0380859375,18,0.005859375,margin_drop,128,mlp
0.0234375,-0.0908203125,19,-0.033203125,margin_drop,128,mlp
0.2197265625,0.0361328125,20,0.1201171875,margin_drop,128,mlp
0.3564453125,0.1103515625,21,0.2255859375,margin_drop,128,mlp
0.330078125,0.025390625,22,0.1708984375,margin_drop,128,mlp
0.7890625,0.3642578125,23,0.5703125,margin_drop,128,mlp
0.2734375,-0.01953125,24,0.1259765625,margin_drop,128,mlp
0.2490234375,0.0283203125,25,0.1396484375,margin_drop,128,mlp
0.0859375,-0.099609375,26,-0.0087890625,margin_drop,128,mlp
0.2978515625,0.126953125,27,0.2109375,margin_drop,128,mlp
0.2919921875,0.1162109375,28,0.2021484375,margin_drop,128,mlp
0.16796875,-0.0361328125,29,0.0654296875,margin_drop,128,mlp
0.0263671875,-0.1552734375,30,-0.06640625,margin_drop,128,mlp
0.5322265625,0.0419921875,31,0.2822265625,margin_drop,128,mlp
0.1787109375,-0.1328125,32,0.0263671875,margin_drop,128,mlp
0.6298828125,0.1455078125,33,0.3818359375,margin_drop,128,mlp
0.322265625,-0.26953125,34,0.04296875,margin_drop,128,mlp
0.91796875,-0.4814453125,35,0.2021484375,margin_drop,128,mlp
