ci_high,ci_low,contrast_type,layer,mean,metric,n,site
0.0026630164880813846,-4.8808247845218975e-05,content,0,0.001365533980320901,normalized_recovery,474,attn
0.003121404540692998,0.00011376364665282246,content,1,0.0016189669528292544,normalized_recovery,474,attn
0.0033707067528292987,0.0004621343012263574,content,2,0.001971966261013338,normalized_recovery,474,attn
0.002882125838071703,0.0002279215180389751,content,3,0.0015829392951977204,normalized_recovery,474,attn
0.0038154203042963255,0.0008417343367182981,content,4,0.0023630176013027695,normalized_recovery,474,attn
0.002937797048848171,-0.000123061646438007,content,5,0.0013914875985019796,normalized_recovery,474,attn
0.0027833923560323043,-2.7511408043891984e-05,content,6,0.0013602171672506326,normalized_recovery,474,attn
0.0034877487538924157,0.0006289337277353435,content,7,0.0021215083228816154,normalized_recovery,474,attn
0.002891601168292596,3.8015061947822876e-05,content,8,0.001498879072986584,normalized_recovery,474,attn
0.0033926555940908976,0.00027930725898410414,content,9,0.0017350616974940122,normalized_recovery,474,attn
0.003395457438018254,0.0003603812183005636,content,10,0.0018720205321465613,normalized_recovery,474,attn
0.0038248919865916395,0.000539397963629198,content,11,0.002192724810432533,normalized_recovery,474,attn
0.0037137624060526193,0.0006807740350699499,content,12,0.0022176015603695906,normalized_recovery,474,attn
0.003113359791114642,0.0001525087512299746,content,13,0.001638171559763165,normalized_recovery,474,attn
0.0038194479029207344,0.0006675519812477766,content,14,0.002205270640166838,normalized_recovery,474,attn
0.003302025309167656,0.00015962878069299697,content,15,0.0017226914536851404,normalized_recovery,474,attn
0.0033380466144591323,0.00037326267826394833,content,16,0.0018385987120415228,normalized_recovery,474,attn
0.002442037372861526,-0.0005323321403766738,content,17,0.0009841252449937668,normalized_recovery,474,attn
0.003806056261038005,0.0008668908825050749,content,18,0.0023463487019245097,normalized_recovery,474,attn
0.003341699821981584,-0.00039260231568800946,content,19,0.0014199544106948923,normalized_recovery,474,attn
0.005226981523191516,0.000628118136334931,content,20,0.002901852457025864,normalized_recovery,474,attn
0.010237108324801474,0.003991914294045633,content,21,0.007077485838733864,normalized_recovery,474,attn
0.009589188930066267,0.0017672286746592276,content,22,0.005752277267856769,normalized_recovery,474,attn
0.052606308127117446,0.039811669876688965,content,23,0.046014735012879525,normalized_recovery,474,attn
0.14187428789734677,0.11556096406140523,content,24,0.12870224188016371,normalized_recovery,474,attn
-0.026351569762268733,-0.041207470394513106,content,25,-0.033858147119360575,normalized_recovery,474,attn
0.06959366319826021,0.05812865075151515,content,26,0.06398604179632751,normalized_recovery,474,attn
0.04164291021333258,0.029461869928871922,content,27,0.035644353283721404,normalized_recovery,474,attn
-0.033103251548754896,-0.04910861220712457,content,28,-0.04098907741815095,normalized_recovery,474,attn
0.03854623030495019,0.030585615130288325,content,29,0.034563495317139314,normalized_recovery,474,attn
0.11562246074336989,0.10258492004117604,content,30,0.10911047606730354,normalized_recovery,474,attn
0.06093406067035763,0.04478427419761401,content,31,0.05252714986907645,normalized_recovery,474,attn
0.10260469165140475,0.08157388720805377,content,32,0.0917872016284624,normalized_recovery,474,attn
0.10282068319200113,0.08470149638980484,content,33,0.0937402663076632,normalized_recovery,474,attn
0.2930450373294171,0.2514345565817177,content,34,0.2714542937265928,normalized_recovery,474,attn
0.029896462165990786,0.00030856133421626036,content,35,0.015265353303446066,normalized_recovery,474,attn
0.0016126177336493637,-0.00020614999305066875,content_and_position,0,0.0006823973335921642,normalized_recovery,476,attn
0.0018319044697235165,1.615745055420472e-05,content_and_position,1,0.0009109426671878244,normalized_recovery,476,attn
0.0011703865641744349,-0.0005132151068664699,content_and_position,2,0.00033149153958820094,normalized_recovery,476,attn
0.0012845059798028437,-0.000379705267794181,content_and_position,3,0.0004544575493431063,normalized_recovery,476,attn
0.001632026317137302,-0.00020779441766462575,content_and_position,4,0.0006831665388973858,normalized_recovery,476,attn
0.001567286241057167,-6.948162972888538e-05,content_and_position,5,0.0007419184939966938,normalized_recovery,476,attn
0.001490589411014895,-0.000302207855945686,content_and_position,6,0.0005825784052659859,normalized_recovery,476,attn
0.0015916142588270083,-0.00014331385019121623,content_and_position,7,0.0007198175546303217,normalized_recovery,476,attn
0.0009598702609465382,-0.0008606421488708368,content_and_position,8,6.049341594738383e-05,normalized_recovery,476,attn
0.0008937809920266091,-0.0009106671752903443,content_and_position,9,-3.336056894291737e-05,normalized_recovery,476,attn
0.0009697808576926443,-0.0005667538095676306,content_and_position,10,0.00018340889300372568,normalized_recovery,476,attn
0.001506368599358139,-2.62698609059497e-05,content_and_position,11,0.0007051862102408537,normalized_recovery,476,attn
0.001033138426682385,-0.0004993992919586491,content_and_position,12,0.00024394352788103098,normalized_recovery,476,attn
0.0013249464434956307,-0.00020845052109669804,content_and_position,13,0.0005343410689957787,normalized_recovery,476,attn
0.001390061784960687,-0.0003560468881022816,content_and_position,14,0.0004696873758202014,normalized_recovery,476,attn
0.001482134050183519,-0.00018235959593058967,content_and_position,15,0.0006100887812137046,normalized_recovery,476,attn
0.0012513265615431322,-0.0004735799021039738,content_and_position,16,0.0003584401978459494,normalized_recovery,476,attn
0.0012226029243058054,-0.0005582473534331364,content_and_position,17,0.00029805692700068096,normalized_recovery,476,attn
0.0011049733804777812,-0.000669315505719087,content_and_position,18,0.00020468008255321868,normalized_recovery,476,attn
0.0014789180186773293,-0.00023390577113805558,content_and_position,19,0.0006432155097406158,normalized_recovery,476,attn
0.002885426005427738,0.0001358549847944753,content_and_position,20,0.0014607914653805775,normalized_recovery,476,attn
0.0061242670935840685,0.0028360442775594097,content_and_position,21,0.004476578425995495,normalized_recovery,476,attn
0.004072117807735502,0.0001842901488935081,content_and_position,22,0.002096885910369647,normalized_recovery,476,attn
0.01091547552514118,0.004581914581209152,content_and_position,23,0.007471831178895133,normalized_recovery,476,attn
0.36505913354421027,0.3448771173650924,content_and_position,24,0.3547872905844889,normalized_recovery,476,attn
-0.025930405686281122,-0.032146371545739814,content_and_position,25,-0.02899796385038582,normalized_recovery,476,attn
0.03386966929722975,0.028712792313165404,content_and_position,26,0.03122324519647301,normalized_recovery,476,attn
0.028781784997608233,0.023997710655521264,content_and_position,27,0.026319339584319285,normalized_recovery,476,attn
0.0022572686160752457,-0.0008909271755304283,content_and_position,28,0.0006885137551729934,normalized_recovery,476,attn
0.10104415557468197,0.09266407108533359,content_and_position,29,0.09699541085902749,normalized_recovery,476,attn
0.0791148535643298,0.06495184795926945,content_and_position,30,0.0720278721204098,normalized_recovery,476,attn
-0.005691911472189861,-0.007686065945401493,content_and_position,31,-0.00671726426227091,normalized_recovery,476,attn
0.023865523511052297,0.019592480143157186,content_and_position,32,0.0217545800195516,normalized_recovery,476,attn
0.012085868420889566,0.009212061364147628,content_and_position,33,0.010621028715428254,normalized_recovery,476,attn
0.03518075291934362,0.025295153870045748,content_and_position,34,0.030065778847689763,normalized_recovery,476,attn
0.12300146517465514,0.09031447350814582,content_and_position,35,0.10676881912993744,normalized_recovery,476,attn
0.001491661307660758,-0.00014678067111326067,position,0,0.000657517810583137,normalized_recovery,958,attn
0.0013364459334912569,3.471240607486847e-05,position,1,0.000701781759539356,normalized_recovery,958,attn
0.0015301752879708277,-3.071865989324281e-05,position,2,0.000761017647744483,normalized_recovery,958,attn
0.001441717636380183,-0.00010041844303971578,position,3,0.0006302371206390295,normalized_recovery,958,attn
0.0011988441754334843,-9.506192334515777e-05,position,4,0.0005810925545607251,normalized_recovery,958,attn
0.0016107647017207032,3.0315476836673066e-05,position,5,0.0008184545549438328,normalized_recovery,958,attn
0.0011991155908310553,-0.0002444584838766992,position,6,0.0004999177453993196,normalized_recovery,958,attn
0.001182700304450478,-0.00022984144615929123,position,7,0.0005185008868835067,normalized_recovery,958,attn
0.0010559208403825616,-0.00034505480849429557,position,8,0.00038464766256461163,normalized_recovery,958,attn
0.0010749762643986157,-7.861873586254273e-05,position,9,0.0005041987590821472,normalized_recovery,958,attn
0.0010640592694201804,-0.00012871508397432525,position,10,0.0004687925551963877,normalized_recovery,958,attn
0.001176141751491564,-0.0001232566227809559,position,11,0.0005291843334124179,normalized_recovery,958,attn
0.0009686841793854945,-0.0005173761744818138,position,12,0.0002744086361548801,normalized_recovery,958,attn
0.0011527029291006294,-0.0002763845718698816,position,13,0.0004837913672486269,normalized_recovery,958,attn
0.0011095130688511992,-0.00031335765106731335,position,14,0.00044291610157294934,normalized_recovery,958,attn
0.0008565510120904994,-0.0005469717354525196,position,15,0.00017400659198838308,normalized_recovery,958,attn
0.0014181149368846493,-8.900852784076976e-06,position,16,0.0006678945148710935,normalized_recovery,958,attn
0.0010872228830342238,-0.00030255057160616833,position,17,0.0004210391459358804,normalized_recovery,958,attn
0.001184549935323429,-0.00027905642440244154,position,18,0.00046419721439147497,normalized_recovery,958,attn
0.0012664419513919744,-0.0003172868783390662,position,19,0.00048581789896487226,normalized_recovery,958,attn
0.0013757483187006945,-0.0002466317691632908,position,20,0.0005787021437636191,normalized_recovery,958,attn
0.0030064754750698214,0.0010033358664308944,position,21,0.001986158084615249,normalized_recovery,958,attn
0.000989674629008567,-0.0008934134950195369,position,22,0.00010428955046360382,normalized_recovery,958,attn
0.00305973599049901,0.00125729275622218,position,23,0.002171748432527808,normalized_recovery,958,attn
0.3604374513017721,0.3444897116114081,position,24,0.35249405785148125,normalized_recovery,958,attn
-0.026857363864178863,-0.030521006592118465,position,25,-0.028648929383421107,normalized_recovery,958,attn
0.031045358947657864,0.027810893676884364,position,26,0.029363403814942936,normalized_recovery,958,attn
0.027529968013680167,0.024352990815314036,position,27,0.025882793496625943,normalized_recovery,958,attn
0.002676129291617201,0.0005158771507237998,position,28,0.001505646422111142,normalized_recovery,958,attn
0.09847278560062828,0.09147013178373181,position,29,0.09486188545483808,normalized_recovery,958,attn
0.08010938522791258,0.06959853001885778,position,30,0.07472746404191488,normalized_recovery,958,attn
-0.005973293217075166,-0.007479652682404919,position,31,-0.006737376622495849,normalized_recovery,958,attn
0.023644258670232125,0.02023671049032053,position,32,0.02189155348732763,normalized_recovery,958,attn
0.011397790926270837,0.009365671781203509,position,33,0.010408250458055037,normalized_recovery,958,attn
0.027582474167955603,0.020115804837138044,position,34,0.023662347658385104,normalized_recovery,958,attn
0.14516609555539914,0.115885717611586,position,35,0.13071799533438913,normalized_recovery,958,attn
0.0036216825239677192,0.0005941746717334085,content,0,0.0020983768059301966,normalized_recovery,474,mlp
0.002683357702710467,-0.00010186310290519608,content,1,0.0013241296851334062,normalized_recovery,474,mlp
0.0035498830150229948,0.0006929495635348864,content,2,0.002116561060361279,normalized_recovery,474,mlp
0.0031964272507791344,0.0002031113630784978,content,3,0.001704752913066257,normalized_recovery,474,mlp
0.003433253567921278,0.0003697008225273661,content,4,0.0018889308092643353,normalized_recovery,474,mlp
0.003291891424614702,0.0004641369665877139,content,5,0.001886321520446905,normalized_recovery,474,mlp
0.003355858506021385,0.00021962273322704065,content,6,0.0017506435606228006,normalized_recovery,474,mlp
0.002882754867608669,4.588060559755687e-05,content,7,0.00145987665692504,normalized_recovery,474,mlp
0.0037303529126463627,0.0006022356939427954,content,8,0.002168280474793811,normalized_recovery,474,mlp
0.0035600033552310273,0.0004588416067406598,content,9,0.00199187245038297,normalized_recovery,474,mlp
0.0032442288519049013,0.00010075906395941634,content,10,0.0016594673515030675,normalized_recovery,474,mlp
0.002847503881770335,-0.00033741408516832066,content,11,0.0011936896591319716,normalized_recovery,474,mlp
0.0031047170348089633,5.41726944715063e-05,content,12,0.0015862948209832202,normalized_recovery,474,mlp
0.00393883749519471,0.0008653407067376066,content,13,0.002399170441692903,normalized_recovery,474,mlp
0.004150530529309287,0.001122621776990888,content,14,0.002635414936662776,normalized_recovery,474,mlp
0.0032556199176361107,0.00014456049171410353,content,15,0.0016571982412438475,normalized_recovery,474,mlp
0.0034485814608720064,0.0005580793033319993,content,16,0.002013150827385541,normalized_recovery,474,mlp
0.003265714086724304,0.0004238188091612772,content,17,0.0018647875115019828,normalized_recovery,474,mlp
0.0037298538807081557,0.0005325752951478788,content,18,0.002124872608861667,normalized_recovery,474,mlp
0.002872417982742659,-0.00029158718658413594,content,19,0.0012910066746480585,normalized_recovery,474,mlp
0.004605016026572056,0.00020797735663314362,content,20,0.002449696633460601,normalized_recovery,474,mlp
0.0041480413163204185,-0.001010822412674746,content,21,0.0015706986249261294,normalized_recovery,474,mlp
0.007652916714841177,0.0008149890755678517,content,22,0.004241411303993444,normalized_recovery,474,mlp
0.02239087747184118,0.012768325299509236,content,23,0.017378620736623707,normalized_recovery,474,mlp
0.01475545326030563,0.006523648171570334,content,24,0.01068204623327058,normalized_recovery,474,mlp
0.003124093413466524,-0.006503045318953079,content,25,-0.0016643674213771265,normalized_recovery,474,mlp
0.0111941229763675,0.0046748327801687745,content,26,0.007991165692686708,normalized_recovery,474,mlp
0.004967461993005585,-0.002659681372555136,content,27,0.0012276268642002447,normalized_recovery,474,mlp
0.007849883827572766,0.0019842693689679754,content,28,0.004948910053809574,normalized_recovery,474,mlp
0.009870776911006482,0.0022936683180751444,content,29,0.006143728864929358,normalized_recovery,474,mlp
0.0017856443222452317,-0.005814331645693674,content,30,-0.0019271508401551543,normalized_recovery,474,mlp
0.018123671625578503,0.007022714692462252,content,31,0.0122374754836417,normalized_recovery,474,mlp
0.023441823566927228,0.015904717593358902,content,32,0.01968575829292868,normalized_recovery,474,mlp
0.02198588610470468,0.014085957530459185,content,33,0.018028091728059005,normalized_recovery,474,mlp
0.11552508283492706,0.09434648903214944,content,34,0.10470049505095105,normalized_recovery,474,mlp
0.10027333008740448,0.07165019384135159,content,35,0.08601784242513322,normalized_recovery,474,mlp
0.0013871656948164107,-0.00033134690912686086,content_and_position,0,0.0005037732167587417,normalized_recovery,476,mlp
0.0013945095892139625,-0.000394819569061418,content_and_position,1,0.00048164240144317607,normalized_recovery,476,mlp
0.0011311443805182473,-0.000573689291114398,content_and_position,2,0.00028097617032625446,normalized_recovery,476,mlp
0.001578049101126701,3.4120896276722346e-06,content_and_position,3,0.0007600514476734943,normalized_recovery,476,mlp
0.0010618390188822705,-0.0007469655975450799,content_and_position,4,0.00011622789341979891,normalized_recovery,476,mlp
0.0009813675553915478,-0.0006985514557979746,content_and_position,5,0.0001589056512208078,normalized_recovery,476,mlp
0.0014418307617608858,-0.000316273317755945,content_and_position,6,0.0005379211472506149,normalized_recovery,476,mlp
0.0012678397449691309,-0.0004870375964534805,content_and_position,7,0.00036717996232539003,normalized_recovery,476,mlp
0.001641739697048464,-0.00011081610301051878,content_and_position,8,0.0007593815176512241,normalized_recovery,476,mlp
0.001136411919647467,-0.00037473319882745735,content_and_position,9,0.00035268108948570057,normalized_recovery,476,mlp
0.0013602305094683406,-0.0003345027768692775,content_and_position,10,0.00047233145750064174,normalized_recovery,476,mlp
0.0010988872859678683,-0.0005508010102540964,content_and_position,11,0.00028196857253385014,normalized_recovery,476,mlp
0.0011388513596508013,-0.000577592893125647,content_and_position,12,0.00025660178595116067,normalized_recovery,476,mlp
0.0016281312121369093,1.552418331145908e-05,content_and_position,13,0.0008030092355592309,normalized_recovery,476,mlp
0.0016135343705546206,-0.00022240205623509694,content_and_position,14,0.0006688110727120422,normalized_recovery,476,mlp
0.0012432274952652335,-0.0004462089355279863,content_and_position,15,0.0003491456536326616,normalized_recovery,476,mlp
0.0017729022912951465,-0.0003152820444204493,content_and_position,16,0.0006596926248838592,normalized_recovery,476,mlp
0.001221654748131657,-0.00051088962879246,content_and_position,17,0.00031922115699594783,normalized_recovery,476,mlp
0.0014721333273521543,-0.0002644043184775814,content_and_position,18,0.0005849388027662075,normalized_recovery,476,mlp
0.001326440658546118,-0.00025447186039964875,content_and_position,19,0.0005305657910442337,normalized_recovery,476,mlp
0.002695760806890029,0.0003613268360207594,content_and_position,20,0.0015138874095253021,normalized_recovery,476,mlp
0.004413837542586651,0.00195326109202571,content_and_position,21,0.0031638611398487953,normalized_recovery,476,mlp
0.0049522811947234424,0.001913183349145763,content_and_position,22,0.0033439059212896933,normalized_recovery,476,mlp
0.010004371716219223,0.003921671297023566,content_and_position,23,0.006701603092950882,normalized_recovery,476,mlp
-0.0075456560489478115,-0.013157990415161212,content_and_position,24,-0.010318977634351117,normalized_recovery,476,mlp
-0.0013574113739417075,-0.005550510066060938,content_and_position,25,-0.0034451670665697,normalized_recovery,476,mlp
0.010512496779701954,0.007464489358022252,content_and_position,26,0.008938713533441426,normalized_recovery,476,mlp
0.009417778655644516,0.006797727342331303,content_and_position,27,0.008101109533732146,normalized_recovery,476,mlp
0.012209548134604961,0.008970774410870592,content_and_position,28,0.010584739636432153,normalized_recovery,476,mlp
0.0009898840332837582,-0.0027819600535416975,content_and_position,29,-0.0008863356996253825,normalized_recovery,476,mlp
-0.002762372704981093,-0.0077076008244700974,content_and_position,30,-0.00529143290362594,normalized_recovery,476,mlp
0.05594044280708163,0.04465437832653338,content_and_position,31,0.0502598606006258,normalized_recovery,476,mlp
0.01903100966532455,0.012169153994347048,content_and_position,32,0.015661761113433894,normalized_recovery,476,mlp
0.025094742902999304,0.014105012884041743,content_and_position,33,0.019493057960026903,normalized_recovery,476,mlp
0.025912576056240096,0.014616267159794855,content_and_position,34,0.020295105645010737,normalized_recovery,476,mlp
0.03945634015159818,0.005652091633817154,content_and_position,35,0.02246664691040691,normalized_recovery,476,mlp
0.0009576768093463137,-0.0003925395635178579,position,0,0.00033124386041323697,normalized_recovery,958,mlp
0.0010673453314857112,-0.00033856401154375913,position,1,0.000405489508410364,normalized_recovery,958,mlp
0.0015768481395629713,0.00014984801310859454,position,2,0.0008414024131441103,normalized_recovery,958,mlp
0.0008694419656092099,-0.0005431588471043964,position,3,0.00019519745624956006,normalized_recovery,958,mlp
0.0009500669443646428,-0.00042704317598757954,position,4,0.0002857211236197083,normalized_recovery,958,mlp
0.001051321682288213,-0.0004490578640134126,position,5,0.00028849331703016966,normalized_recovery,958,mlp
0.001280682529799291,-0.00026921063780739347,position,6,0.0005107785323206965,normalized_recovery,958,mlp
0.0013149889812882054,9.469928417037085e-05,position,7,0.0007082167433907189,normalized_recovery,958,mlp
0.0012137263244679098,-0.00020968111725904956,position,8,0.0005224544103350188,normalized_recovery,958,mlp
0.0010403124342453745,-0.00018538762613534306,position,9,0.0004461367321402426,normalized_recovery,958,mlp
0.0010547861901831765,-0.00042653508228944075,position,10,0.0002889472662917749,normalized_recovery,958,mlp
0.001164264543620761,-0.00023191648154941436,position,11,0.0004899647471315959,normalized_recovery,958,mlp
0.001245838324601131,-2.69656048650283e-05,position,12,0.000618046623870821,normalized_recovery,958,mlp
0.0010651240063232876,-0.0003325633797808757,position,13,0.00040075262042648654,normalized_recovery,958,mlp
0.0013586895385415616,5.761967152210498e-05,position,14,0.0006936377727500666,normalized_recovery,958,mlp
0.001100112826693598,-0.00015236177546592197,position,15,0.0004751269260604175,normalized_recovery,958,mlp
0.0010875233594896602,-0.00036176323865768544,position,16,0.00039358800988405733,normalized_recovery,958,mlp
0.0009676099932131928,-0.0004064092623593015,position,17,0.00028903586007511176,normalized_recovery,958,mlp
0.0010930164011423026,-0.0002013844701056494,position,18,0.0004300807555932732,normalized_recovery,958,mlp
0.001141708167024021,-0.00010349675953327005,position,19,0.0005177456619198279,normalized_recovery,958,mlp
0.0013694728326275995,7.304287656113392e-05,position,20,0.0007284069529289015,normalized_recovery,958,mlp
0.002128889583431507,0.0006616207407755748,position,21,0.001392653772712532,normalized_recovery,958,mlp
0.0018045232209866588,0.0002083511844707787,position,22,0.001026227360693137,normalized_recovery,958,mlp
0.0016371416832666745,-0.0002420729420712773,position,23,0.0007361834853176643,normalized_recovery,958,mlp
-0.009414967981903772,-0.013157326623262048,position,24,-0.011335880169770227,normalized_recovery,958,mlp
-0.0025724067187364924,-0.0054211966495420994,position,25,-0.003986271116710373,normalized_recovery,958,mlp
0.009094854809493631,0.0068841203800777285,position,26,0.007968102211756527,normalized_recovery,958,mlp
0.007301633473225319,0.004916205629221144,position,27,0.006175739001438628,normalized_recovery,958,mlp
0.011123829425476127,0.0088669061805496,position,28,0.009935196867772736,normalized_recovery,958,mlp
9.813131132512798e-05,-0.0029234159706964234,position,29,-0.0012992419312426477,normalized_recovery,958,mlp
-0.005200160806548182,-0.008802094257470921,position,30,-0.007008057498691764,normalized_recovery,958,mlp
0.05262241070346493,0.04554865927821297,position,31,0.04906907882092933,normalized_recovery,958,mlp
0.02077423658906322,0.01590877086110419,position,32,0.018305643555701315,normalized_recovery,958,mlp
0.024619272363135193,0.016022880573945603,position,33,0.020209664339879228,normalized_recovery,958,mlp
0.021030942995954108,0.010338885801587564,position,34,0.01603379398625316,normalized_recovery,958,mlp
0.034823874206595495,0.009354133269932447,position,35,0.022143632048037477,normalized_recovery,958,mlp
