ci_high,ci_low,contrast_type,group,layer,mean,metric,n
1.1053390062005144,1.026887871342004,content,image,0,1.065224387376321,normalized_recovery,474
1.1061787841039346,1.0271733571889998,content,image,2,1.0657881236253222,normalized_recovery,474
1.1056214524356793,1.0269719163519033,content,image,4,1.0657912701519345,normalized_recovery,474
1.104085165539158,1.0254171278757016,content,image,6,1.0639310875746764,normalized_recovery,474
1.1042676502470903,1.0253276912065175,content,image,8,1.063873760597737,normalized_recovery,474
1.1034487479920692,1.0254258931139573,content,image,10,1.0635634107765464,normalized_recovery,474
1.0962749810289114,1.019003694717397,content,image,12,1.0567172147386719,normalized_recovery,474
1.0836254968136174,1.0053555832184529,content,image,14,1.0437551952114916,normalized_recovery,474
0.9287543068208968,0.8488065897600681,content,image,16,0.8865049825150295,normalized_recovery,474
0.6342935239883833,0.5583174966359172,content,image,18,0.5946893289282553,normalized_recovery,474
0.28693109003993933,0.2375496745287077,content,image,20,0.2616495932713958,normalized_recovery,474
0.18265168930308323,0.14591041619527928,content,image,22,0.16392767878220896,normalized_recovery,474
0.1221060594789739,0.09500803704027193,content,image,24,0.10841719884862873,normalized_recovery,474
0.10649072148667792,0.08194537286973899,content,image,26,0.09401697850542538,normalized_recovery,474
0.1165008892678287,0.09074751072533097,content,image,28,0.10346208670119335,normalized_recovery,474
0.08523237644799872,0.06655686488009166,content,image,30,0.07579636023372505,normalized_recovery,474
0.0498007549587014,0.038511232878463496,content,image,32,0.04418872455861228,normalized_recovery,474
0.003536383211155643,0.0006420022833927877,content,image,34,0.002086550319968356,normalized_recovery,474
0.003487169901356886,0.0005487792815223422,content,image,35,0.0020144082729807865,normalized_recovery,474
0.0025761630532953658,-0.00026681751195845363,content,labels,0,0.001145948142690198,normalized_recovery,474
0.0012542459237366865,-0.0015812071872714716,content,labels,2,-0.0001273712854628679,normalized_recovery,474
0.0027715559137819036,-0.0003049947702300439,content,labels,4,0.001230172551596477,normalized_recovery,474
0.002776551826305246,-0.0002490403061283656,content,labels,6,0.0012529841554620544,normalized_recovery,474
0.0022579716231930624,-0.0008510757656059546,content,labels,8,0.0006451330413356393,normalized_recovery,474
0.002710032181814888,-0.00035719235256689716,content,labels,10,0.0012015598712462998,normalized_recovery,474
0.003412727063871636,-1.6933191546286508e-05,content,labels,12,0.0016755435477809773,normalized_recovery,474
0.005004775577738921,0.0014397580965204316,content,labels,14,0.003211844822617173,normalized_recovery,474
0.006539536849499138,0.001564752583395648,content,labels,16,0.003992328448222887,normalized_recovery,474
0.007051113169570181,0.0015349969334895793,content,labels,18,0.004241747969581686,normalized_recovery,474
0.006506118327973587,-0.0010041750585458946,content,labels,20,0.0029081786814609597,normalized_recovery,474
0.0095745214933385,0.001686260238208709,content,labels,22,0.005526932024227895,normalized_recovery,474
0.002040783911767427,-0.004059882914351236,content,labels,24,-0.0010232388825235678,normalized_recovery,474
0.004686336693736907,-0.0009419995205774686,content,labels,26,0.001832050299152081,normalized_recovery,474
0.004099545750270703,-0.0007705330847170615,content,labels,28,0.001572886061897222,normalized_recovery,474
0.005854386833260896,0.0008730188396312258,content,labels,30,0.003230517209275239,normalized_recovery,474
0.002045368895608275,-0.0026060717972084106,content,labels,32,-0.00024676009314609967,normalized_recovery,474
0.0038210821644717816,0.0007354949163557924,content,labels,34,0.0022919585665457883,normalized_recovery,474
0.003487169901356886,0.0005487792815223422,content,labels,35,0.0020144082729807865,normalized_recovery,474
-0.025042991019087704,-0.1035913739375153,content,options,0,-0.06414990198868045,normalized_recovery,474
-0.02532688881564309,-0.10389894574160306,content,options,2,-0.064496571532232,normalized_recovery,474
-0.025487172778021257,-0.10372840075554253,content,options,4,-0.06465409217113563,normalized_recovery,474
-0.018566864868800475,-0.09595299352280875,content,options,6,-0.05751569039975762,normalized_recovery,474
-0.011710481850112569,-0.08813699707044097,content,options,8,-0.049564866907696986,normalized_recovery,474
-0.01059528131269995,-0.08677949964775807,content,options,10,-0.04890019359924987,normalized_recovery,474
-0.015341279334855377,-0.09268531840336418,content,options,12,-0.05410168464091465,normalized_recovery,474
-0.013639859765968628,-0.09271240904447048,content,options,14,-0.052642348943460676,normalized_recovery,474
0.05191469081290567,-0.02831041217993917,content,options,16,0.012209936600202122,normalized_recovery,474
0.08806791072135098,0.00984773056283272,content,options,18,0.04933104982459044,normalized_recovery,474
0.2571897975839198,0.18154552965039686,content,options,20,0.21918000047816363,normalized_recovery,474
0.27244135594071006,0.20072796037068902,content,options,22,0.23733486348898067,normalized_recovery,474
0.20616439100904313,0.13989517825596176,content,options,24,0.17308962582433426,normalized_recovery,474
0.20843147001110424,0.14353813231597223,content,options,26,0.176113935811293,normalized_recovery,474
0.20226916568302103,0.13722403264333669,content,options,28,0.1697719406520974,normalized_recovery,474
0.15540587464660335,0.0924304369757888,content,options,30,0.12384958986371114,normalized_recovery,474
0.08239018226951407,0.026750604642905407,content,options,32,0.054935896452666125,normalized_recovery,474
0.0018855253898073007,-0.026371300824788644,content,options,34,-0.012506867020074695,normalized_recovery,474
0.003487169901356886,0.0005487792815223422,content,options,35,0.0020144082729807865,normalized_recovery,474
0.0008847965223589301,-0.0021236618492993884,content,question,0,-0.0005700589396255713,normalized_recovery,474
0.0020822248734341316,-0.0008512078846281199,content,question,2,0.0006226698292322693,normalized_recovery,474
0.0028471429432593482,-0.000382083287095897,content,question,4,0.0011978224658468005,normalized_recovery,474
0.004349139668446901,-5.240900852233046e-05,content,question,6,0.0019832677513593414,normalized_recovery,474
0.004523015745569579,0.0007670865182662853,content,question,8,0.0025667471199384995,normalized_recovery,474
0.008237924750508227,0.0015627284222547127,content,question,10,0.004454114155860843,normalized_recovery,474
0.014299715505278145,0.0032750581364033512,content,question,12,0.0079129653918822,normalized_recovery,474
0.027844211022010297,0.01200201918402301,content,question,14,0.018780181571997286,normalized_recovery,474
0.09908315568362375,0.06438963070096336,content,question,16,0.08107234509735206,normalized_recovery,474
0.22262626743783479,0.16960495028851438,content,question,18,0.19552291758849352,normalized_recovery,474
0.18715930370671255,0.1418312973022434,content,question,20,0.1633188398389527,normalized_recovery,474
0.0872617064404812,0.06734458853866057,content,question,22,0.07739067320456453,normalized_recovery,474
0.029756808414349276,0.02101167858583485,content,question,24,0.02545927598472789,normalized_recovery,474
0.023772426624490018,0.015601730774418317,content,question,26,0.01973708533838713,normalized_recovery,474
0.020362960569758854,0.012390539942310347,content,question,28,0.016302185579227323,normalized_recovery,474
0.016827468111338794,0.008818511821288963,content,question,30,0.012799937388438374,normalized_recovery,474
0.0166047218618484,0.00848718484186959,content,question,32,0.012612746853399808,normalized_recovery,474
0.0058849039762664465,0.002828490428663261,content,question,34,0.004381550604433934,normalized_recovery,474
0.003487169901356886,0.0005487792815223422,content,question,35,0.0020144082729807865,normalized_recovery,474
0.4749893643579063,0.41401053116760095,content_and_position,image,0,0.4433596763209563,normalized_recovery,476
0.47493151991940197,0.4141042996881878,content_and_position,image,2,0.4433888867762139,normalized_recovery,476
0.47341628765980615,0.4129430511198474,content_and_position,image,4,0.44209723484665003,normalized_recovery,476
0.474169441023627,0.4134762054689294,content_and_position,image,6,0.44269297013565145,normalized_recovery,476
0.4736494105818713,0.4129311602122856,content_and_position,image,8,0.4422974805809659,normalized_recovery,476
0.47159243855366095,0.4110678250309424,content_and_position,image,10,0.44046971362917303,normalized_recovery,476
0.4657112681950501,0.40571555816966276,content_and_position,image,12,0.4349716695222367,normalized_recovery,476
0.45110307625823576,0.3915655543274735,content_and_position,image,14,0.421212803575807,normalized_recovery,476
0.3234844813296278,0.26854162783095614,content_and_position,image,16,0.29563382306179303,normalized_recovery,476
0.17786270313836253,0.14471641296254975,content_and_position,image,18,0.16129235284389287,normalized_recovery,476
0.030652705493008428,0.013954319394472883,content_and_position,image,20,0.02192013488406073,normalized_recovery,476
0.013495974877900137,0.002481959617552692,content_and_position,image,22,0.007875652201817504,normalized_recovery,476
0.009836280420357153,0.002411929339976387,content_and_position,image,24,0.00599516377995453,normalized_recovery,476
0.009238185669661723,0.002812467380065887,content_and_position,image,26,0.005898956124235259,normalized_recovery,476
0.007845077982775872,0.0026598732647808666,content_and_position,image,28,0.005212209016187258,normalized_recovery,476
0.002728645088626691,0.0005471529179807074,content_and_position,image,30,0.0016526720303040583,normalized_recovery,476
0.0014241983544873709,-0.0004672915457356457,content_and_position,image,32,0.0004916012117436119,normalized_recovery,476
0.001324118476947007,-0.00042194878187902664,content_and_position,image,34,0.00045537254370981985,normalized_recovery,476
0.0012467804320918097,-0.00035678708639457065,content_and_position,image,35,0.00043538059552470536,normalized_recovery,476
0.00048235065160515784,-0.0011278684547706603,content_and_position,labels,0,-0.00029681698375821664,normalized_recovery,476
0.00047042272704073736,-0.001389673256195054,content_and_position,labels,2,-0.0004230052276137151,normalized_recovery,476
0.0011955511756545241,-0.0006044030190915367,content_and_position,labels,4,0.00026859522515335077,normalized_recovery,476
0.0008766545640348592,-0.0009657979988677179,content_and_position,labels,6,-8.564880791533726e-05,normalized_recovery,476
0.0008171224107563851,-0.00148176548754258,content_and_position,labels,8,-0.0003771583389232999,normalized_recovery,476
0.0010942480309481303,-0.0007572420570702859,content_and_position,labels,10,0.00018846445466464738,normalized_recovery,476
0.0015112699533768668,-0.0004761956731570822,content_and_position,labels,12,0.000537723811482221,normalized_recovery,476
0.0008169187321052325,-0.0014065496720754534,content_and_position,labels,14,-0.0002870601487820497,normalized_recovery,476
0.0022082830883757027,-0.0006893870323067108,content_and_position,labels,16,0.000771616928561545,normalized_recovery,476
0.005998037769470817,0.002426177202243908,content_and_position,labels,18,0.004221355802497184,normalized_recovery,476
0.019386824959346863,0.013489931743385834,content_and_position,labels,20,0.01649941937677847,normalized_recovery,476
0.03957376150311316,0.03244246275155566,content_and_position,labels,22,0.0360911352211104,normalized_recovery,476
0.021466166620940183,0.01593753833665014,content_and_position,labels,24,0.018745564534915084,normalized_recovery,476
0.014971972732614842,0.01047157118262239,content_and_position,labels,26,0.012791939585815435,normalized_recovery,476
0.010505874724826092,0.006357081334754935,content_and_position,labels,28,0.0084831431916572,normalized_recovery,476
0.004184842081624376,0.0003955844190654585,content_and_position,labels,30,0.002365336191680961,normalized_recovery,476
0.003304045121248925,0.0004662863669642133,content_and_position,labels,32,0.0019343412637151793,normalized_recovery,476
0.00187151434484953,2.6681463049450564e-06,content_and_position,labels,34,0.0009282729353574661,normalized_recovery,476
0.0012467804320918097,-0.00035678708639457065,content_and_position,labels,35,0.00043538059552470536,normalized_recovery,476
0.5738563970081648,0.5198414656185313,content_and_position,options,0,0.547565371727272,normalized_recovery,476
0.5741037483033842,0.5202881171453094,content_and_position,options,2,0.5478368029723348,normalized_recovery,476
0.5732808697059917,0.5186433339943578,content_and_position,options,4,0.5467869058595757,normalized_recovery,476
0.5725207671665642,0.5184457029392764,content_and_position,options,6,0.5461871812795817,normalized_recovery,476
0.5654535395407736,0.5117665987036502,content_and_position,options,8,0.5391692307335768,normalized_recovery,476
0.5648902694593685,0.5110808367022817,content_and_position,options,10,0.5385969779034494,normalized_recovery,476
0.5588475118356035,0.5053456057567796,content_and_position,options,12,0.5320642642621691,normalized_recovery,476
0.5469283430613208,0.49344517651712244,content_and_position,options,14,0.520874049994778,normalized_recovery,476
0.5497673738655016,0.49594141647125967,content_and_position,options,16,0.5243698898162645,normalized_recovery,476
0.5681057069072154,0.5101862321399264,content_and_position,options,18,0.5409745430525216,normalized_recovery,476
0.4843606267579153,0.4413312411724045,content_and_position,options,20,0.4621915834716296,normalized_recovery,476
0.3057951290886926,0.2689606842261077,content_and_position,options,22,0.28671803933242784,normalized_recovery,476
0.09231556976922603,0.06374429648736203,content_and_position,options,24,0.07725703955233579,normalized_recovery,476
0.09482364398627134,0.06644753192186842,content_and_position,options,26,0.07988346996370224,normalized_recovery,476
0.0926903591239511,0.06440854083351394,content_and_position,options,28,0.07774945354729985,normalized_recovery,476
0.09319821711319991,0.06508753960040937,content_and_position,options,30,0.0783192190506898,normalized_recovery,476
0.10040112827876091,0.07268003562850071,content_and_position,options,32,0.08571475734461641,normalized_recovery,476
0.15196097565128625,0.11798520530630326,content_and_position,options,34,0.13430011565294964,normalized_recovery,476
0.0012467804320918097,-0.00035678708639457065,content_and_position,options,35,0.00043538059552470536,normalized_recovery,476
0.001068772452793018,-0.0006105078627360551,content_and_position,question,0,0.000251689249762473,normalized_recovery,476
0.000978642830868899,-0.0011414668732234075,content_and_position,question,2,-7.314795568684132e-05,normalized_recovery,476
0.0013458008657916026,-0.0006204284368308973,content_and_position,question,4,0.0003552696073581609,normalized_recovery,476
0.0007983148357890343,-0.0011586348267461197,content_and_position,question,6,-0.00017620742915036084,normalized_recovery,476
0.0009670850922769991,-0.00100819356059177,content_and_position,question,8,-2.597926420541365e-05,normalized_recovery,476
0.0015614012414024631,-0.0005892729157191542,content_and_position,question,10,0.0004896400772974675,normalized_recovery,476
0.00198479065118235,-0.000904641714743021,content_and_position,question,12,0.0005612888521353681,normalized_recovery,476
0.004758408351423037,0.00012075467580147355,content_and_position,question,14,0.00237155256825174,normalized_recovery,476
0.04712177543539063,0.019468182194181637,content_and_position,question,16,0.03307294164487044,normalized_recovery,476
0.07936511271169108,0.048349359961635356,content_and_position,question,18,0.06334219441688958,normalized_recovery,476
0.06175319396351657,0.03854246923556151,content_and_position,question,20,0.0496057724312361,normalized_recovery,476
0.021129299785480733,0.0106466813420726,content_and_position,question,22,0.015800070194524268,normalized_recovery,476
0.006595032552235297,0.0020475771973282194,content_and_position,question,24,0.004254690970774675,normalized_recovery,476
0.006064884950089344,0.001741263053620221,content_and_position,question,26,0.003842041806756417,normalized_recovery,476
0.005547504506983376,0.0014460900428059707,content_and_position,question,28,0.0035147401516091455,normalized_recovery,476
0.006050407166971985,0.0021031431038196348,content_and_position,question,30,0.004060258799311565,normalized_recovery,476
0.005812794657541303,0.001989767441013858,content_and_position,question,32,0.00385985929660824,normalized_recovery,476
0.001704856872929916,9.686548798395441e-05,content_and_position,question,34,0.0008796177677179106,normalized_recovery,476
0.0012467804320918097,-0.00035678708639457065,content_and_position,question,35,0.00043538059552470536,normalized_recovery,476
