ci_high,ci_low,layer,mean,metric,n,site
-0.0234375,-0.1640625,0,-0.09375,margin_drop,32,attn
0.04296875,-0.08984375,1,-0.01953125,margin_drop,32,attn
-0.00390625,-0.14453125,2,-0.07421875,margin_drop,32,attn
0.046875,-0.09375,3,-0.01953125,margin_drop,32,attn
0.0390625,-0.11328125,4,-0.03515625,margin_drop,32,attn
-0.0078125,-0.140625,5,-0.0703125,margin_drop,32,attn
0.01953125,-0.11328125,6,-0.04296875,margin_drop,32,attn
0.01171875,-0.109375,7,-0.04296875,margin_drop,32,attn
0.0234375,-0.140625,8,-0.0546875,margin_drop,32,attn
0.046875,-0.1171875,9,-0.03515625,margin_drop,32,attn
0.0234375,-0.14453125,10,-0.0546875,margin_drop,32,attn
0.046875,-0.109375,11,-0.03125,margin_drop,32,attn
0.015625,-0.16796875,12,-0.07421875,margin_drop,32,attn
0.078125,-0.07421875,13,0.00390625,margin_drop,32,attn
-0.03515625,-0.17578125,14,-0.1015625,margin_drop,32,attn
0.03515625,-0.12890625,15,-0.04296875,margin_drop,32,attn
0.0703125,-0.1015625,16,-0.015625,margin_drop,32,attn
0.06640625,-0.140625,17,-0.03515625,margin_drop,32,attn
0.04296875,-0.1484375,18,-0.046875,margin_drop,32,attn
-0.05859375,-0.2421875,19,-0.1484375,margin_drop,32,attn
0.28125,-0.09765625,20,0.0703125,margin_drop,32,attn
0.7578125,0.1640625,21,0.4609375,margin_drop,32,attn
0.7109375,0.12890625,22,0.4140625,margin_drop,32,attn
1.16015625,-0.11328125,23,0.4765625,margin_drop,32,attn
6.95703125,3.2109375,24,5.0859375,margin_drop,32,attn
-0.10546875,-0.94140625,25,-0.484375,margin_drop,32,attn
0.44921875,0.1171875,26,0.27734375,margin_drop,32,attn
0.53515625,0.0703125,27,0.28515625,margin_drop,32,attn
0.1796875,-0.0625,28,0.05078125,margin_drop,32,attn
1.65625,0.359375,29,0.98828125,margin_drop,32,attn
2.01953125,0.73046875,30,1.27734375,margin_drop,32,attn
0.0078125,-0.2265625,31,-0.10546875,margin_drop,32,attn
0.2578125,-0.1796875,32,0.015625,margin_drop,32,attn
0.08203125,-0.15234375,33,-0.04296875,margin_drop,32,attn
0.3984375,-0.34375,34,0.01953125,margin_drop,32,attn
3.8515625,1.1640625,35,2.4296875,margin_drop,32,attn
0.0078125,-0.125,0,-0.05859375,margin_drop,32,mlp
0.01171875,-0.12890625,1,-0.0546875,margin_drop,32,mlp
0.0234375,-0.1015625,2,-0.03515625,margin_drop,32,mlp
0.01171875,-0.11328125,3,-0.046875,margin_drop,32,mlp
-0.00390625,-0.12890625,4,-0.06640625,margin_drop,32,mlp
0.015625,-0.10546875,5,-0.04296875,margin_drop,32,mlp
0.01171875,-0.13671875,6,-0.05859375,margin_drop,32,mlp
0.03515625,-0.109375,7,-0.03515625,margin_drop,32,mlp
0.05859375,-0.10546875,8,-0.0234375,margin_drop,32,mlp
0.078125,-0.09375,9,-0.0078125,margin_drop,32,mlp
0.0,-0.1484375,10,-0.0703125,margin_drop,32,mlp
-0.01171875,-0.1328125,11,-0.0703125,margin_drop,32,mlp
0.05078125,-0.12890625,12,-0.0390625,margin_drop,32,mlp
0.0546875,-0.08984375,13,-0.015625,margin_drop,32,mlp
0.10546875,-0.05859375,14,0.0234375,margin_drop,32,mlp
0.03125,-0.12890625,15,-0.046875,margin_drop,32,mlp
0.05078125,-0.1875,16,-0.06640625,margin_drop,32,mlp
0.08984375,-0.14453125,17,-0.02734375,margin_drop,32,mlp
0.01171875,-0.18359375,18,-0.08203125,margin_drop,32,mlp
0.0,-0.18359375,19,-0.0859375,margin_drop,32,mlp
0.0859375,-0.125,20,-0.0234375,margin_drop,32,mlp
0.37109375,-0.15625,21,0.09765625,margin_drop,32,mlp
0.39453125,-0.1484375,22,0.1171875,margin_drop,32,mlp
1.3359375,0.25,23,0.75390625,margin_drop,32,mlp
0.21484375,-0.46484375,24,-0.12109375,margin_drop,32,mlp
0.2734375,-0.3984375,25,-0.04296875,margin_drop,32,mlp
0.234375,-0.08203125,26,0.06640625,margin_drop,32,mlp
0.36328125,0.00390625,27,0.18359375,margin_drop,32,mlp
0.31640625,-0.01953125,28,0.13671875,margin_drop,32,mlp
0.2890625,-0.109375,29,0.08203125,margin_drop,32,mlp
0.1640625,-0.17578125,30,-0.01171875,margin_drop,32,mlp
1.30859375,0.2578125,31,0.734375,margin_drop,32,mlp
0.171875,-0.34375,32,-0.08203125,margin_drop,32,mlp
0.578125,-0.0625,33,0.265625,margin_drop,32,mlp
1.0234375,-0.1171875,34,0.40625,margin_drop,32,mlp
1.734375,-1.14453125,35,0.2421875,margin_drop,32,mlp
