frac_content,frac_none,frac_other,frac_position,layer,n,site
0.0,1.0,0.0,0.0,0,32,resid_post
0.0,1.0,0.0,0.0,1,32,resid_post
0.0,1.0,0.0,0.0,2,32,resid_post
0.0,1.0,0.0,0.0,3,32,resid_post
0.0,1.0,0.0,0.0,4,32,resid_post
0.0,1.0,0.0,0.0,5,32,resid_post
0.0,1.0,0.0,0.0,6,32,resid_post
0.0,1.0,0.0,0.0,7,32,resid_post
0.0,1.0,0.0,0.0,8,32,resid_post
0.0,1.0,0.0,0.0,9,32,resid_post
0.0,1.0,0.0,0.0,10,32,resid_post
0.0,1.0,0.0,0.0,11,32,resid_post
0.0,1.0,0.0,0.0,12,32,resid_post
0.0,1.0,0.0,0.0,13,32,resid_post
0.0,1.0,0.0,0.0,14,32,resid_post
0.0,1.0,0.0,0.0,15,32,resid_post
0.0,1.0,0.0,0.0,16,32,resid_post
0.0,1.0,0.0,0.0,17,32,resid_post
0.0,1.0,0.0,0.0,18,32,resid_post
0.0,1.0,0.0,0.0,19,32,resid_post
0.0,1.0,0.0,0.0,20,32,resid_post
0.0,1.0,0.0,0.0,21,32,resid_post
0.0,1.0,0.0,0.0,22,32,resid_post
0.0,1.0,0.0,0.0,23,32,resid_post
0.03125,0.65625,0.0,0.3125,24,32,resid_post
0.03125,0.625,0.0,0.34375,25,32,resid_post
0.03125,0.5625,0.0,0.40625,26,32,resid_post
0.0,0.46875,0.0,0.53125,27,32,resid_post
0.0,0.375,0.0,0.625,28,32,resid_post
0.03125,0.1875,0.0,0.78125,29,32,resid_post
0.03125,0.0625,0.0,0.90625,30,32,resid_post
0.03125,0.0625,0.0,0.90625,31,32,resid_post
0.03125,0.0625,0.0,0.90625,32,32,resid_post
0.03125,0.0625,0.0,0.90625,33,32,resid_post
0.03125,0.0625,0.0,0.90625,34,32,resid_post
0.0,0.0,0.0,1.0,35,32,resid_post
