blank_accuracy,calibration_passed,calibration_worst_ratio,clean_minus_shuffled,compliance_rate,elapsed_seconds,eligible,failed_gates,family,global_top_is_label_letters,hf_id,label_mass_letters,letters_accuracy,lm_backbone,measured_params_b,model_key,params_b,peak_gpu_gib,shuffled_accuracy,strict_item_consistency,usable_confirmation_pairs,usable_discovery_pairs,worst_position_accuracy,worst_scheme_position_accuracy
0.3333333333333333,True,0.44755244755244755,0.5416666666666667,1.0,42.23852467536926,False,worst_position_accuracy;discovery_pairs;confirmation_pairs,internvl,1.0,OpenGVLab/InternVL3_5-1B-HF,0.9999852230151495,0.875,qwen3,1.060897792,internvl35_1b,1.1,2.5680837631225586,0.3333333333333333,0.75,4,5,0.8333333333333334,0.25
0.34375,True,1.003921568627451,0.6666666666666666,1.0,58.181396484375,False,worst_position_accuracy;discovery_pairs;confirmation_pairs,internvl,1.0,OpenGVLab/InternVL3_5-2B-HF,0.9999986489613851,0.90625,qwen3,2.348347392,internvl35_2b,2.3,5.017991065979004,0.23958333333333334,0.8333333333333334,5,4,0.875,0.5
0.19791666666666666,True,0.5589519650655022,0.78125,1.0,145.15111541748047,False,discovery_pairs;confirmation_pairs,internvl,1.0,OpenGVLab/InternVL3_5-8B-HF,0.9999995430310568,1.0,qwen3,8.528318464,internvl35_8b,8.5,16.634297370910645,0.21875,1.0,5,6,1.0,0.5
0.28125,True,0.6744186046511628,0.17708333333333334,1.0,25.024290800094604,False,worst_position_accuracy;image_dependence;discovery_pairs;confirmation_pairs,llava_onevision,1.0,llava-hf/llava-onevision-qwen2-0.5b-si-hf,0.999471640214324,0.40625,qwen2,0.893675552,llava_ov_0.5b_si,0.9,2.2573537826538086,0.22916666666666666,0.25,2,1,0.2916666666666667,0.0
0.20833333333333334,True,0.18823529411764706,0.3541666666666667,1.0,121.20890808105469,False,worst_position_accuracy;discovery_pairs;confirmation_pairs,llava_onevision,1.0,llava-hf/llava-onevision-qwen2-7b-ov-hf,0.9999340393890938,0.6458333333333334,qwen2,8.030807584,llava_ov_7b_ov,8.0,15.692008018493652,0.2916666666666667,0.5416666666666666,6,6,0.625,0.375
0.28125,True,0.3855421686746988,0.44791666666666663,1.0,120.94681715965271,False,worst_position_accuracy;discovery_pairs;confirmation_pairs,llava_onevision,1.0,llava-hf/llava-onevision-qwen2-7b-si-hf,0.9998655592401823,0.7291666666666666,qwen2,8.030807584,llava_ov_7b_si,8.0,15.692008018493652,0.28125,0.6666666666666666,4,3,0.6666666666666666,0.5
0.20833333333333334,True,0.2922374429223744,0.39583333333333337,1.0,123.17070960998535,False,worst_position_accuracy;discovery_pairs;confirmation_pairs,paligemma,1.0,google/paligemma2-10b-mix-448,0.8867401337871949,0.5833333333333334,gemma2,9.663523568,paligemma2_10b_mix,9.7,20.739611625671387,0.1875,0.5,3,2,0.5416666666666666,0.25
0.25,True,0.26804123711340205,0.26041666666666663,1.0,49.800538778305054,False,worst_position_accuracy;image_dependence;discovery_pairs;confirmation_pairs,paligemma,0.96875,google/paligemma2-3b-mix-448,0.8603406897746027,0.5,gemma2,3.033127152,paligemma2_3b_mix,3.0,8.353209495544434,0.23958333333333334,0.125,3,2,0.125,0.0
0.20833333333333334,True,0.673469387755102,0.22916666666666666,1.0,37.78744554519653,False,worst_position_accuracy;image_dependence;discovery_pairs;confirmation_pairs,paligemma,0.96875,google/paligemma-3b-mix-448,0.8071789044576386,0.4270833333333333,gemma,2.924351216,paligemma_3b_mix,2.9,8.10129690170288,0.19791666666666666,0.08333333333333333,3,4,0.08333333333333333,0.0
0.28125,True,0.7441860465116279,0.5729166666666667,1.0,22.086344003677368,False,worst_position_accuracy;discovery_pairs;confirmation_pairs,qwen_vl,1.0,Qwen/Qwen2.5-VL-3B-Instruct,0.9999130244056383,0.84375,qwen2.5,3.754622976,qwen25vl_3b,3.8,7.086869239807129,0.2708333333333333,0.8333333333333334,6,6,0.8333333333333334,0.25
0.2604166666666667,True,0.6066350710900474,0.6458333333333333,1.0,28.927207231521606,False,worst_position_accuracy;discovery_pairs;confirmation_pairs,qwen_vl,1.0,Qwen/Qwen2.5-VL-7B-Instruct,0.9999625285466512,0.9375,qwen2.5,8.292166656,qwen25vl_7b,8.3,15.55052900314331,0.2916666666666667,0.8333333333333334,6,6,0.8333333333333334,0.625
0.2916666666666667,True,0.6432160804020101,0.41666666666666663,1.0,15.230934858322144,False,worst_position_accuracy;discovery_pairs;confirmation_pairs,qwen_vl,1.0,Qwen/Qwen2-VL-2B-Instruct,0.9998409965385994,0.7291666666666666,qwen2,2.2089856,qwen2vl_2b,2.2,4.204582691192627,0.3125,0.625,4,6,0.6666666666666666,0.375
